"","playerID","yearID","teamID","GP","n_award"
"1","wellsda01",1998,"NYA",1,2
"2","rodriiv01",1998,"TEX",1,3
"3","thomeji01",1998,"CLE",1,NA
"4","alomaro01",1998,"BAL",1,3
"5","ripkeca01",1998,"BAL",1,NA
"6","rodrial01",1998,"SEA",1,2
"7","loftoke01",1998,"CLE",1,NA
"8","griffke02",1998,"SEA",1,3
"9","gonzaju03",1998,"TEX",1,3
"10","alomasa02",1998,"CLE",1,NA
"11","arrojro01",1998,"TBA",1,NA
"12","brosisc01",1998,"NYA",1,3
"13","clemero02",1998,"TOR",1,3
"14","colonba01",1998,"CLE",1,NA
"15","durhara01",1998,"CHA",1,NA
"16","easleda01",1998,"DET",1,1
"17","erstada01",1998,"LAA",1,NA
"18","gordoto01",1998,"BOS",1,2
"19","grievbe01",1998,"OAK",1,1
"20","jeterde01",1998,"NYA",1,NA
"21","martipe02",1998,"BOS",0,1
"22","oneilpa01",1998,"NYA",1,NA
"23","palmede01",1998,"KCA",1,1
"24","palmera01",1998,"BAL",1,3
"25","percitr01",1998,"LAA",1,NA
"26","radkebr01",1998,"MIN",1,NA
"27","ramirma02",1998,"CLE",1,NA
"28","seleaa01",1998,"TEX",0,NA
"29","vaughmo01",1998,"BOS",0,NA
"30","vizquom01",1998,"CLE",1,1
"31","wettejo01",1998,"TEX",1,NA
"32","willibe02",1998,"NYA",0,1
"33","maddugr01",1998,"ATL",1,1
"34","piazzmi01",1998,"NYN",1,2
"35","mcgwima01",1998,"SLN",1,2
"36","biggicr01",1998,"HOU",1,2
"37","jonesch06",1998,"ATL",1,NA
"38","weisswa01",1998,"ATL",1,NA
"39","bondsba01",1998,"SFN",1,1
"40","walkela01",1998,"COL",1,1
"41","gwynnto01",1998,"SDN",1,1
"42","aloumo01",1998,"HOU",1,2
"43","ashbyan01",1998,"SDN",1,NA
"44","bicheda01",1998,"COL",1,NA
"45","boonebr01",1998,"CIN",0,1
"46","brownke01",1998,"SDN",1,2
"47","castivi02",1998,"COL",1,2
"48","galaran01",1998,"ATL",1,NA
"49","glavito02",1998,"ATL",1,3
"50","hoffmtr01",1998,"SDN",1,2
"51","kendaja01",1998,"PIT",1,NA
"52","lopezja01",1998,"ATL",1,NA
"53","nenro01",1998,"SFN",1,NA
"54","reedri01",1998,"NYN",0,NA
"55","renteed01",1998,"FLO",1,NA
"56","schilcu01",1998,"PHI",0,NA
"57","shawje01",1998,"LAN",1,NA
"58","sheffga01",1998,"LAN",1,NA
"59","sosasa01",1998,"CHN",0,5
"60","urbinug01",1998,"MON",1,NA
"61","vaughgr01",1998,"SDN",1,2
"62","vinafe01",1998,"MIL",1,NA
"63","whitede03",1998,"ARI",1,NA
"64","martipe02",1999,"BOS",1,5
"65","rodriiv01",1999,"TEX",1,4
"66","thomeji01",1999,"CLE",1,NA
"67","alomaro01",1999,"CLE",1,3
"68","ripkeca01",1999,"BAL",1,NA
"69","garcino01",1999,"BOS",1,1
"70","loftoke01",1999,"CLE",1,NA
"71","griffke02",1999,"SEA",1,3
"72","ramirma02",1999,"CLE",1,3
"73","palmera01",1999,"TEX",1,4
"74","ausmubr01",1999,"DET",1,NA
"75","baineha01",1999,"BAL",1,NA
"76","cansejo01",1999,"TBA",0,NA
"77","coneda01",1999,"NYA",1,NA
"78","coomero01",1999,"MIN",1,NA
"79","fernato01",1999,"TOR",1,NA
"80","greensh01",1999,"TOR",1,3
"81","hernaro01",1999,"TBA",1,NA
"82","jahajo01",1999,"OAK",1,NA
"83","jeterde01",1999,"NYA",1,NA
"84","mussimi01",1999,"BAL",1,1
"85","nagych01",1999,"CLE",0,NA
"86","offerjo01",1999,"BOS",1,NA
"87","ordonma01",1999,"CHA",1,NA
"88","percitr01",1999,"LAA",0,NA
"89","riverma01",1999,"NYA",0,4
"90","rosadjo01",1999,"KCA",1,NA
"91","surhobj01",1999,"BAL",1,NA
"92","vizquom01",1999,"CLE",1,1
"93","wettejo01",1999,"TEX",1,NA
"94","willibe02",1999,"NYA",1,1
"95","zimmeje02",1999,"TEX",1,NA
"96","schilcu01",1999,"PHI",1,NA
"97","piazzmi01",1999,"NYN",1,2
"98","mcgwima01",1999,"SLN",1,1
"99","bellja01",1999,"ARI",1,NA
"100","willima04",1999,"ARI",1,NA
"101","larkiba01",1999,"CIN",1,2
"102","burnije01",1999,"MIL",1,NA
"103","sosasa01",1999,"CHN",1,3
"104","walkela01",1999,"COL",1,3
"105","bagweje01",1999,"HOU",1,2
"106","ashbyan01",1999,"SDN",1,NA
"107","botteke01",1999,"SLN",1,NA
"108","byrdpa01",1999,"PHI",0,NA
"109","caseyse01",1999,"CIN",1,1
"110","gonzaal02",1999,"FLO",1,NA
"111","gonzalu01",1999,"ARI",1,NA
"112","guerrvl01",1999,"MON",1,2
"113","gwynnto01",1999,"SDN",0,1
"114","hamptmi01",1999,"HOU",1,3
"115","hoffmtr01",1999,"SDN",1,NA
"116","johnsra05",1999,"ARI",1,1
"117","jordabr01",1999,"ATL",1,NA
"118","kentje01",1999,"SFN",1,NA
"119","liebemi01",1999,"PHI",1,1
"120","limajo01",1999,"HOU",1,1
"121","millwke01",1999,"ATL",1,NA
"122","nenro01",1999,"SFN",0,NA
"123","nilssda01",1999,"MIL",1,NA
"124","sheffga01",1999,"LAN",1,NA
"125","spraged02",1999,"PIT",1,NA
"126","wagnebi02",1999,"HOU",1,1
"127","willisc01",1999,"CIN",0,1
"128","wellsda01",2000,"TOR",1,1
"129","rodriiv01",2000,"TEX",1,1
"130","giambja01",2000,"OAK",1,2
"131","alomaro01",2000,"CLE",1,3
"132","frymatr01",2000,"CLE",1,2
"133","jeterde01",2000,"NYA",1,3
"134","evereca01",2000,"BOS",1,NA
"135","willibe02",2000,"NYA",1,2
"136","dyeje01",2000,"KCA",1,1
"137","baldwja01",2000,"CHA",1,NA
"138","batisto01",2000,"TOR",1,NA
"139","bordimi01",2000,"BAL",1,NA
"140","delgaca01",2000,"TOR",1,4
"141","durhara01",2000,"CHA",1,NA
"142","erstada01",2000,"LAA",1,3
"143","finlech01",2000,"CLE",0,NA
"144","garcino01",2000,"BOS",1,NA
"145","glaustr01",2000,"LAA",1,1
"146","hudsoti01",2000,"OAK",1,NA
"147","isrinja01",2000,"OAK",1,NA
"148","jonesto02",2000,"DET",1,2
"149","lawtoma02",2000,"MIN",1,NA
"150","lowede01",2000,"BOS",1,NA
"151","martied01",2000,"SEA",1,NA
"152","martipe02",2000,"BOS",0,3
"153","mcgrifr01",2000,"TBA",1,NA
"154","ordonma01",2000,"CHA",1,2
"155","posadjo01",2000,"NYA",1,2
"156","ramirma02",2000,"CLE",0,1
"157","ripkeca01",2000,"BAL",0,NA
"158","riverma01",2000,"NYA",1,NA
"159","rodrial01",2000,"SEA",0,2
"160","seleaa01",2000,"SEA",1,NA
"161","sweenmi01",2000,"KCA",1,NA
"162","johnsra05",2000,"ARI",1,1
"163","kendaja01",2000,"PIT",1,NA
"164","galaran01",2000,"ATL",1,NA
"165","kentje01",2000,"SFN",1,3
"166","jonesch06",2000,"ATL",1,2
"167","larkiba01",2000,"CIN",1,NA
"168","guerrvl01",2000,"MON",1,2
"169","edmonji01",2000,"SLN",1,1
"170","sosasa01",2000,"CHN",1,2
"171","alfoned01",2000,"NYN",1,NA
"172","bondsba01",2000,"SFN",0,2
"173","brownke01",2000,"LAN",1,NA
"174","cirilje01",2000,"COL",1,NA
"175","dempsry01",2000,"FLO",0,NA
"176","finlest01",2000,"ARI",1,1
"177","gilesbr02",2000,"PIT",1,NA
"178","girarjo01",2000,"CHN",0,NA
"179","glavito02",2000,"ATL",1,2
"180","graveda01",2000,"CIN",1,NA
"181","griffke02",2000,"CIN",0,NA
"182","hammoje01",2000,"COL",1,NA
"183","heltoto01",2000,"COL",1,3
"184","hoffmtr01",2000,"SDN",1,NA
"185","jonesan01",2000,"ATL",1,1
"186","kileda01",2000,"SLN",1,NA
"187","leiteal01",2000,"NYN",1,1
"188","liebemi01",2000,"PHI",1,NA
"189","maddugr01",2000,"ATL",0,2
"190","mcgwima01",2000,"SLN",0,NA
"191","piazzmi01",2000,"NYN",0,2
"192","renteed01",2000,"SLN",1,2
"193","reynosh01",2000,"HOU",0,NA
"194","sheffga01",2000,"LAN",1,NA
"195","vidrojo01",2000,"MON",1,NA
"196","wickmbo01",2000,"MIL",1,NA
"197","clemero02",2001,"NYA",1,3
"198","rodriiv01",2001,"TEX",1,1
"199","olerujo01",2001,"SEA",1,NA
"200","boonebr01",2001,"SEA",1,2
"201","rodrial01",2001,"TEX",1,3
"202","ripkeca01",2001,"BAL",1,1
"203","ramirma02",2001,"BOS",1,2
"204","suzukic01",2001,"SEA",1,5
"205","gonzaju03",2001,"CLE",1,2
"206","martied01",2001,"SEA",1,2
"207","alomaro01",2001,"CLE",1,1
"208","camermi01",2001,"SEA",1,1
"209","clarkto02",2001,"DET",1,NA
"210","garcifr02",2001,"SEA",1,NA
"211","giambja01",2001,"OAK",1,1
"212","glaustr01",2001,"LAA",1,2
"213","guzmacr01",2001,"MIN",1,NA
"214","jeterde01",2001,"NYA",1,NA
"215","maysjo01",2001,"MIN",1,NA
"216","miltoer01",2001,"MIN",0,NA
"217","nelsoje01",2001,"SEA",1,NA
"218","ordonma01",2001,"CHA",1,NA
"219","percitr01",2001,"LAA",1,NA
"220","pettian01",2001,"NYA",1,1
"221","posadjo01",2001,"NYA",1,2
"222","quantpa01",2001,"TOR",1,NA
"223","riverma01",2001,"NYA",0,2
"224","sasakka01",2001,"SEA",1,NA
"225","stantmi02",2001,"NYA",1,NA
"226","sweenmi01",2001,"KCA",1,NA
"227","vaughgr01",2001,"TBA",0,NA
"228","willibe02",2001,"NYA",1,NA
"229","johnsra05",2001,"ARI",1,4
"230","piazzmi01",2001,"NYN",1,2
"231","heltoto01",2001,"COL",1,3
"232","kentje01",2001,"SFN",1,1
"233","jonesch06",2001,"ATL",1,1
"234","aurilri01",2001,"SFN",1,2
"235","bondsba01",2001,"SFN",1,5
"236","gonzalu01",2001,"ARI",1,2
"237","sosasa01",2001,"CHN",1,2
"238","walkela01",2001,"COL",1,1
"239","aloumo01",2001,"HOU",1,NA
"240","berkmla01",2001,"HOU",1,NA
"241","burkejo03",2001,"ATL",1,NA
"242","caseyse01",2001,"CIN",1,NA
"243","floydcl01",2001,"FLO",1,NA
"244","gilesbr02",2001,"PIT",1,NA
"245","guerrvl01",2001,"MON",1,NA
"246","hamptmi01",2001,"COL",1,1
"247","johnsch04",2001,"FLO",1,NA
"248","kleskry01",2001,"SDN",1,NA
"249","liebejo01",2001,"CHN",1,NA
"250","morrima01",2001,"SLN",1,NA
"251","nevinph01",2001,"SDN",1,NA
"252","parkch01",2001,"LAN",1,NA
"253","pujolal01",2001,"SLN",1,2
"254","reedri01",2001,"NYN",0,NA
"255","rolliji01",2001,"PHI",1,NA
"256","schilcu01",2001,"ARI",0,7
"257","shawje01",2001,"LAN",1,NA
"258","sheetbe01",2001,"MIL",1,NA
"259","wagnebi02",2001,"HOU",1,NA
"260","lowede01",2002,"BOS",1,1
"261","posadjo01",2002,"NYA",1,2
"262","giambja01",2002,"NYA",1,2
"263","soriaal01",2002,"NYA",1,2
"264","hillesh02",2002,"BOS",1,NA
"265","rodrial01",2002,"TEX",1,5
"266","ramirma02",2002,"BOS",1,2
"267","hunteto01",2002,"MIN",1,2
"268","suzukic01",2002,"SEA",1,1
"269","anderga01",2002,"LAA",1,2
"270","batisto01",2002,"BAL",1,NA
"271","buehrma01",2002,"CHA",1,NA
"272","damonjo01",2002,"BOS",1,NA
"273","fickro01",2002,"DET",1,NA
"274","garcifr02",2002,"SEA",1,NA
"275","garcino01",2002,"BOS",1,NA
"276","guarded01",2002,"MIN",1,NA
"277","hallaro01",2002,"TOR",1,NA
"278","jeterde01",2002,"NYA",1,NA
"279","konerpa01",2002,"CHA",1,NA
"280","martipe02",2002,"BOS",0,NA
"281","pierzaj01",2002,"MIN",1,NA
"282","riverma01",2002,"NYA",1,NA
"283","sasakka01",2002,"SEA",1,NA
"284","sweenmi01",2002,"KCA",1,NA
"285","tejadmi01",2002,"OAK",1,1
"286","urbinug01",2002,"BOS",1,NA
"287","venturo01",2002,"NYA",1,NA
"288","vizquom01",2002,"CLE",1,NA
"289","winnra01",2002,"TBA",1,NA
"290","zitoba01",2002,"OAK",1,3
"291","schilcu01",2002,"ARI",1,2
"292","piazzmi01",2002,"NYN",1,2
"293","heltoto01",2002,"COL",1,3
"294","vidrojo01",2002,"MON",1,NA
"295","rolensc01",2002,"PHI",1,3
"296","rolliji01",2002,"PHI",1,NA
"297","bondsba01",2002,"SFN",1,4
"298","guerrvl01",2002,"MON",1,2
"299","sosasa01",2002,"CHN",1,2
"300","berkmla01",2002,"HOU",1,NA
"301","castilu01",2002,"FLO",1,NA
"302","dunnad01",2002,"CIN",1,NA
"303","gagneer01",2002,"LAN",1,NA
"304","glavito02",2002,"ATL",0,NA
"305","gonzalu01",2002,"ARI",1,NA
"306","greensh01",2002,"LAN",1,NA
"307","hernajo01",2002,"MIL",1,NA
"308","hoffmtr01",2002,"SDN",1,NA
"309","johnsra05",2002,"ARI",0,3
"310","jonesan01",2002,"ATL",1,1
"311","kimby01",2002,"ARI",1,NA
"312","lowelmi01",2002,"FLO",1,NA
"313","milleda02",2002,"ARI",1,NA
"314","morrima01",2002,"SLN",0,NA
"315","nenro01",2002,"SFN",1,NA
"316","padilvi01",2002,"PHI",1,NA
"317","perezod01",2002,"LAN",1,NA
"318","remlimi01",2002,"ATL",1,NA
"319","santibe01",2002,"SFN",1,1
"320","sexsori01",2002,"MIL",1,NA
"321","smoltjo01",2002,"ATL",1,2
"322","spiveju01",2002,"ARI",1,NA
"323","willimi03",2002,"PIT",1,NA
"324","loaizes01",2003,"CHA",1,NA
"325","posadjo01",2003,"NYA",1,2
"326","delgaca01",2003,"TOR",1,2
"327","soriaal01",2003,"NYA",1,NA
"328","glaustr01",2003,"LAA",1,NA
"329","rodrial01",2003,"TEX",1,5
"330","anderga01",2003,"LAA",1,3
"331","matsuhi01",2003,"NYA",1,NA
"332","suzukic01",2003,"SEA",1,1
"333","martied01",2003,"SEA",1,1
"334","blaloha01",2003,"TEX",1,NA
"335","boonebr01",2003,"SEA",1,3
"336","cartela02",2003,"TBA",0,NA
"337","clemero02",2003,"NYA",1,NA
"338","donnebr01",2003,"LAA",1,NA
"339","evereca01",2003,"CHA",1,NA
"340","foulkke01",2003,"OAK",1,2
"341","garcino01",2003,"BOS",1,NA
"342","giambja01",2003,"NYA",1,NA
"343","guarded01",2003,"MIN",1,NA
"344","hallaro01",2003,"TOR",0,3
"345","hasegsh01",2003,"SEA",1,NA
"346","hernara02",2003,"OAK",1,NA
"347","macdomi01",2003,"KCA",0,NA
"348","morame01",2003,"BAL",1,NA
"349","moyerja01",2003,"SEA",1,3
"350","muldema01",2003,"OAK",1,NA
"351","ordonma01",2003,"CHA",1,1
"352","ramirma02",2003,"BOS",0,1
"353","sabatcc01",2003,"CLE",0,NA
"354","sweenmi01",2003,"KCA",0,NA
"355","varitja01",2003,"BOS",0,NA
"356","wellsve01",2003,"TOR",1,2
"357","youngdm01",2003,"DET",0,NA
"358","zitoba01",2003,"OAK",0,NA
"359","schmija01",2003,"SFN",1,NA
"360","lopezja01",2003,"ATL",1,2
"361","heltoto01",2003,"COL",1,2
"362","vidrojo01",2003,"MON",1,1
"363","rolensc01",2003,"SLN",1,2
"364","renteed01",2003,"SLN",1,3
"365","pujolal01",2003,"SLN",1,4
"366","edmonji01",2003,"SLN",1,1
"367","sheffga01",2003,"ATL",1,2
"368","bondsba01",2003,"SFN",1,3
"369","benitar01",2003,"NYN",0,NA
"370","booneaa01",2003,"CIN",1,NA
"371","brownke01",2003,"LAN",0,NA
"372","castilu01",2003,"FLO",1,1
"373","chacosh01",2003,"COL",0,NA
"374","furcara01",2003,"ATL",1,NA
"375","gagneer01",2003,"LAN",1,5
"376","gilesma01",2003,"ATL",0,1
"377","gonzalu01",2003,"ARI",1,NA
"378","jenkige01",2003,"MIL",0,NA
"379","jonesan01",2003,"ATL",1,1
"380","loducpa01",2003,"LAN",1,NA
"381","lowelmi01",2003,"FLO",1,1
"382","ortizru01",2003,"ATL",1,NA
"383","priorma01",2003,"CHN",0,NA
"384","sexsori01",2003,"MIL",1,NA
"385","smoltjo01",2003,"ATL",0,NA
"386","wagnebi02",2003,"HOU",1,NA
"387","whitero02",2003,"SDN",1,NA
"388","willido03",2003,"FLO",0,1
"389","willimi03",2003,"PIT",0,NA
"390","williwo02",2003,"SLN",1,NA
"391","wilsopr01",2003,"COL",1,NA
"392","wolfra02",2003,"PHI",1,1
"393","woodke02",2003,"CHN",1,NA
"394","muldema01",2004,"OAK",1,NA
"395","rodriiv01",2004,"DET",1,3
"396","giambja01",2004,"NYA",1,NA
"397","soriaal01",2004,"TEX",1,3
"398","rodrial01",2004,"NYA",1,NA
"399","jeterde01",2004,"NYA",1,1
"400","ramirma02",2004,"BOS",1,4
"401","suzukic01",2004,"SEA",1,2
"402","guerrvl01",2004,"LAA",1,3
"403","belliro01",2004,"CLE",1,NA
"404","blaloha01",2004,"TEX",1,NA
"405","cordefr01",2004,"TEX",0,NA
"406","crawfca02",2004,"TBA",1,NA
"407","gordoto01",2004,"NYA",1,NA
"408","guillca01",2004,"DET",0,NA
"409","harveke01",2004,"KCA",1,NA
"410","hudsoti01",2004,"OAK",0,NA
"411","lawtoma02",2004,"CLE",1,NA
"412","lillyte01",2004,"TOR",1,NA
"413","loaizes01",2004,"CHA",1,NA
"414","martivi01",2004,"CLE",1,1
"415","matsuhi01",2004,"NYA",1,NA
"416","nathajo01",2004,"MIN",1,1
"417","ortizda01",2004,"BOS",1,3
"418","riverma01",2004,"NYA",1,2
"419","rodrifr03",2004,"LAA",1,NA
"420","rogerke01",2004,"TEX",0,1
"421","sabatcc01",2004,"CLE",1,NA
"422","schilcu01",2004,"BOS",0,NA
"423","sheffga01",2004,"NYA",1,1
"424","tejadmi01",2004,"BAL",1,2
"425","vazquja01",2004,"NYA",1,NA
"426","westbja01",2004,"CLE",0,NA
"427","youngmi02",2004,"TEX",1,NA
"428","clemero02",2004,"HOU",1,1
"429","piazzmi01",2004,"NYN",1,NA
"430","pujolal01",2004,"SLN",1,3
"431","kentje01",2004,"HOU",1,NA
"432","rolensc01",2004,"SLN",1,2
"433","renteed01",2004,"SLN",1,1
"434","bondsba01",2004,"SFN",1,5
"435","berkmla01",2004,"HOU",1,NA
"436","sosasa01",2004,"CHN",1,NA
"437","abreubo01",2004,"PHI",1,1
"438","aloumo01",2004,"CHN",1,NA
"439","beltrca01",2004,"HOU",1,NA
"440","benitar01",2004,"FLO",0,NA
"441","cabremi01",2004,"FLO",1,NA
"442","caseyse01",2004,"CIN",0,NA
"443","estrajo01",2004,"ATL",1,2
"444","gagneer01",2004,"LAN",1,1
"445","glavito02",2004,"NYN",1,NA
"446","graveda01",2004,"CIN",0,NA
"447","griffke02",2004,"CIN",0,NA
"448","heltoto01",2004,"COL",1,1
"449","hernali01",2004,"MON",0,1
"450","johnsra05",2004,"ARI",1,NA
"451","kolbda01",2004,"MIL",1,NA
"452","larkiba01",2004,"CIN",1,NA
"453","loducpa01",2004,"LAN",1,NA
"454","loretma01",2004,"SDN",1,2
"455","lowelmi01",2004,"FLO",1,NA
"456","pavanca01",2004,"FLO",1,NA
"457","schmija01",2004,"SFN",0,2
"458","sheetbe01",2004,"MIL",1,NA
"459","thomeji01",2004,"PHI",1,1
"460","wilsoja02",2004,"PIT",1,1
"461","zambrca01",2004,"CHN",1,NA
"462","buehrma01",2005,"CHA",1,NA
"463","varitja01",2005,"BOS",1,3
"464","teixema01",2005,"TEX",1,3
"465","roberbr01",2005,"BAL",1,1
"466","rodrial01",2005,"NYA",1,3
"467","tejadmi01",2005,"BAL",1,2
"468","ramirma02",2005,"BOS",1,2
"469","damonjo01",2005,"BOS",1,1
"470","guerrvl01",2005,"LAA",1,2
"471","ortizda01",2005,"BOS",1,3
"472","anderga01",2005,"LAA",1,NA
"473","baezda01",2005,"TBA",0,NA
"474","clemema01",2005,"BOS",1,NA
"475","colonba01",2005,"LAA",1,2
"476","duchsju01",2005,"OAK",0,NA
"477","garlajo01",2005,"CHA",1,NA
"478","hallaro01",2005,"TOR",0,NA
"479","hillesh02",2005,"TOR",1,NA
"480","konerpa01",2005,"CHA",1,1
"481","morame01",2005,"BAL",1,NA
"482","nathajo01",2005,"MIN",1,1
"483","podsesc01",2005,"CHA",1,NA
"484","riverma01",2005,"NYA",1,2
"485","rodriiv01",2005,"DET",1,NA
"486","rogerke01",2005,"TEX",1,1
"487","ryanbj01",2005,"BAL",1,NA
"488","santajo01",2005,"MIN",1,NA
"489","sheffga01",2005,"NYA",1,1
"490","soriaal01",2005,"TEX",1,1
"491","suzukic01",2005,"SEA",1,1
"492","sweenmi01",2005,"KCA",1,NA
"493","wickmbo01",2005,"CLE",1,NA
"494","youngmi02",2005,"TEX",1,1
"495","carpech01",2005,"SLN",1,2
"496","piazzmi01",2005,"NYN",1,NA
"497","leede02",2005,"CHN",1,2
"498","kentje01",2005,"LAN",1,2
"499","ramirar01",2005,"CHN",1,NA
"500","eckstda01",2005,"SLN",1,NA
"501","beltrca01",2005,"NYN",1,NA
"502","edmonji01",2005,"SLN",1,1
"503","abreubo01",2005,"PHI",1,1
"504","pujolal01",2005,"SLN",1,2
"505","aloumo01",2005,"SFN",1,NA
"506","bayja01",2005,"PIT",0,NA
"507","cabremi01",2005,"FLO",1,2
"508","castilu01",2005,"FLO",1,1
"509","clemero02",2005,"HOU",1,NA
"510","cordech01",2005,"WAS",1,3
"511","ensbemo01",2005,"HOU",1,2
"512","fuentbr01",2005,"COL",0,NA
"513","gonzalu01",2005,"ARI",1,1
"514","hernali01",2005,"WAS",1,NA
"515","isrinja01",2005,"SLN",0,NA
"516","izturce01",2005,"LAN",0,NA
"517","jonesan01",2005,"ATL",1,5
"518","leeca01",2005,"MIL",1,1
"519","lidgebr01",2005,"HOU",1,NA
"520","loducpa01",2005,"FLO",1,1
"521","lopezfe01",2005,"CIN",1,2
"522","martipe02",2005,"NYN",0,NA
"523","oswalro01",2005,"HOU",1,1
"524","peavyja01",2005,"SDN",1,NA
"525","rolensc01",2005,"SLN",0,NA
"526","rolliji01",2005,"PHI",1,NA
"527","smoltjo01",2005,"ATL",1,2
"528","wagnebi02",2005,"PHI",0,NA
"529","willido03",2005,"FLO",1,NA
"530","rogerke01",2006,"DET",1,1
"531","rodriiv01",2006,"DET",1,1
"532","ortizda01",2006,"BOS",1,2
"533","loretma01",2006,"BOS",1,1
"534","rodrial01",2006,"NYA",1,NA
"535","jeterde01",2006,"NYA",1,4
"536","guerrvl01",2006,"LAA",1,1
"537","wellsve01",2006,"TOR",1,2
"538","suzukic01",2006,"SEA",1,1
"539","buehrma01",2006,"CHA",0,NA
"540","canoro01",2006,"NYA",0,2
"541","contrjo01",2006,"CHA",0,NA
"542","dyeje01",2006,"CHA",1,2
"543","glaustr01",2006,"TOR",1,NA
"544","hallaro01",2006,"TOR",1,NA
"545","jenksbo01",2006,"CHA",0,NA
"546","kazmisc01",2006,"TBA",1,NA
"547","konerpa01",2006,"CHA",1,NA
"548","liriafr01",2006,"MIN",0,NA
"549","lopezjo01",2006,"SEA",1,NA
"550","matthga02",2006,"TEX",1,NA
"551","mauerjo01",2006,"MIN",1,2
"552","ordonma01",2006,"DET",1,NA
"553","papeljo01",2006,"BOS",0,NA
"554","pierzaj01",2006,"CHA",0,NA
"555","ramirma02",2006,"BOS",0,2
"556","redmama01",2006,"KCA",0,NA
"557","riosal01",2006,"TOR",0,NA
"558","riverma01",2006,"NYA",1,NA
"559","ryanbj01",2006,"TOR",1,NA
"560","santajo01",2006,"MIN",1,3
"561","sizemgr01",2006,"CLE",1,NA
"562","tejadmi01",2006,"BAL",1,NA
"563","thomeji01",2006,"CHA",1,NA
"564","youngmi02",2006,"TEX",1,1
"565","zitoba01",2006,"OAK",1,NA
"566","pennybr01",2006,"LAN",1,NA
"567","loducpa01",2006,"NYN",1,NA
"568","pujolal01",2006,"SLN",1,1
"569","utleych01",2006,"PHI",1,2
"570","wrighda03",2006,"NYN",1,1
"571","renteed01",2006,"ATL",1,NA
"572","soriaal01",2006,"WAS",1,2
"573","beltrca01",2006,"NYN",1,3
"574","bayja01",2006,"PIT",1,NA
"575","arroybr01",2006,"CIN",1,NA
"576","berkmla01",2006,"HOU",1,1
"577","cabremi01",2006,"FLO",1,1
"578","capuach01",2006,"MIL",0,NA
"579","carpech01",2006,"SLN",0,1
"580","eckstda01",2006,"SLN",1,2
"581","fuentbr01",2006,"COL",1,NA
"582","garcino01",2006,"LAN",0,1
"583","glavito02",2006,"NYN",0,NA
"584","gordoto01",2006,"PHI",1,NA
"585","hoffmtr01",2006,"SDN",1,3
"586","hollima01",2006,"COL",1,1
"587","howarry01",2006,"PHI",1,5
"588","jonesan01",2006,"ATL",0,2
"589","leeca01",2006,"MIL",1,NA
"590","martipe02",2006,"NYN",0,NA
"591","mccanbr01",2006,"ATL",1,2
"592","oswalro01",2006,"HOU",1,NA
"593","reyesjo01",2006,"NYN",0,2
"594","rolensc01",2006,"SLN",0,1
"595","sanchfr01",2006,"PIT",1,NA
"596","schmija01",2006,"SFN",0,NA
"597","turnbde01",2006,"MIL",1,NA
"598","ugglada01",2006,"FLO",0,NA
"599","webbbr01",2006,"ARI",1,1
"600","zambrca01",2006,"CHN",0,1
"601","harenda01",2007,"OAK",1,NA
"602","rodriiv01",2007,"DET",1,1
"603","ortizda01",2007,"BOS",1,2
"604","polanpl01",2007,"DET",1,3
"605","rodrial01",2007,"NYA",1,5
"606","jeterde01",2007,"NYA",1,2
"607","ordonma01",2007,"DET",1,2
"608","suzukic01",2007,"SEA",1,4
"609","guerrvl01",2007,"LAA",1,2
"610","beckejo02",2007,"BOS",1,1
"611","crawfca02",2007,"TBA",1,NA
"612","guillca01",2007,"DET",1,NA
"613","hunteto01",2007,"MIN",1,1
"614","jenksbo01",2007,"CHA",0,NA
"615","lackejo01",2007,"LAA",0,NA
"616","lowelmi01",2007,"BOS",1,1
"617","martivi01",2007,"CLE",1,NA
"618","mechegi01",2007,"KCA",0,NA
"619","morneju01",2007,"MIN",1,NA
"620","okajihi01",2007,"BOS",0,NA
"621","papeljo01",2007,"BOS",1,1
"622","posadjo01",2007,"NYA",1,2
"623","putzjj01",2007,"SEA",1,1
"624","ramirma02",2007,"BOS",1,NA
"625","riosal01",2007,"TOR",1,NA
"626","roberbr01",2007,"BAL",1,NA
"627","rodrifr03",2007,"LAA",1,NA
"628","sabatcc01",2007,"CLE",1,3
"629","santajo01",2007,"MIN",1,1
"630","sizemgr01",2007,"CLE",1,1
"631","verlaju01",2007,"DET",1,NA
"632","youngmi02",2007,"TEX",0,NA
"633","peavyja01",2007,"SDN",1,4
"634","martiru01",2007,"LAN",1,3
"635","fieldpr01",2007,"MIL",1,3
"636","utleych01",2007,"PHI",1,2
"637","wrighda03",2007,"NYN",1,3
"638","reyesjo01",2007,"NYN",1,NA
"639","bondsba01",2007,"SFN",1,NA
"640","beltrca01",2007,"NYN",1,2
"641","griffke02",2007,"CIN",1,NA
"642","cabremi01",2007,"FLO",1,NA
"643","cordefr01",2007,"MIL",1,NA
"644","fuentbr01",2007,"COL",0,NA
"645","hamelco01",2007,"PHI",1,NA
"646","hardyjj01",2007,"MIL",1,NA
"647","hoffmtr01",2007,"SDN",1,NA
"648","hollima01",2007,"COL",1,3
"649","hudsoor01",2007,"ARI",1,1
"650","leeca01",2007,"HOU",1,2
"651","leede02",2007,"CHN",1,1
"652","mccanbr01",2007,"ATL",1,NA
"653","oswalro01",2007,"HOU",0,NA
"654","pennybr01",2007,"LAN",1,NA
"655","pujolal01",2007,"SLN",0,NA
"656","rowanaa01",2007,"PHI",1,2
"657","saitota01",2007,"LAN",1,NA
"658","sanchfr01",2007,"PIT",1,NA
"659","sheetbe01",2007,"MIL",1,NA
"660","smoltjo01",2007,"ATL",0,1
"661","soriaal01",2007,"CHN",1,NA
"662","valvejo01",2007,"ARI",0,3
"663","wagnebi02",2007,"NYN",1,NA
"664","webbbr01",2007,"ARI",0,NA
"665","youngch03",2007,"SDN",1,NA
"666","youngdm01",2007,"WAS",1,1
"667","leecl02",2008,"CLE",1,3
"668","mauerjo01",2008,"MIN",1,2
"669","youklke01",2008,"BOS",1,1
"670","pedrodu01",2008,"BOS",1,3
"671","rodrial01",2008,"NYA",1,1
"672","jeterde01",2008,"NYA",1,1
"673","ramirma02",2008,"BOS",1,NA
"674","hamiljo03",2008,"TEX",1,1
"675","suzukic01",2008,"SEA",1,1
"676","bradlmi01",2008,"TEX",1,NA
"677","credejo01",2008,"CHA",1,NA
"678","drewjd01",2008,"BOS",1,1
"679","duchsju01",2008,"OAK",1,NA
"680","guillca01",2008,"DET",1,NA
"681","hallaro01",2008,"TOR",1,NA
"682","kazmisc01",2008,"TBA",1,NA
"683","kinslia01",2008,"TEX",1,NA
"684","longoev01",2008,"TBA",1,1
"685","morneju01",2008,"MIN",1,1
"686","nathajo01",2008,"MIN",1,NA
"687","navardi01",2008,"TBA",1,NA
"688","ortizda01",2008,"BOS",0,NA
"689","papeljo01",2008,"BOS",1,NA
"690","quentca01",2008,"CHA",1,1
"691","riverma01",2008,"NYA",1,NA
"692","rodrifr03",2008,"LAA",1,2
"693","santaer01",2008,"LAA",1,NA
"694","saundjo01",2008,"LAA",1,NA
"695","sherrge01",2008,"BAL",1,NA
"696","sizemgr01",2008,"CLE",1,2
"697","soriajo01",2008,"KCA",1,NA
"698","varitja01",2008,"BOS",1,NA
"699","youngmi02",2008,"TEX",1,1
"700","sheetbe01",2008,"MIL",1,NA
"701","sotoge01",2008,"CHN",1,1
"702","berkmla01",2008,"HOU",1,NA
"703","utleych01",2008,"PHI",1,1
"704","jonesch06",2008,"ATL",1,NA
"705","ramirha01",2008,"FLO",1,1
"706","braunry02",2008,"MIL",1,1
"707","fukudko01",2008,"CHN",1,NA
"708","hollima01",2008,"COL",1,1
"709","pujolal01",2008,"SLN",1,4
"710","cookaa01",2008,"COL",1,NA
"711","dempsry01",2008,"CHN",1,NA
"712","gonzaad01",2008,"SDN",1,1
"713","guzmacr01",2008,"WAS",1,NA
"714","harenda01",2008,"ARI",1,NA
"715","hartco01",2008,"MIL",1,NA
"716","lidgebr01",2008,"PHI",1,3
"717","linceti01",2008,"SFN",0,2
"718","ludwiry01",2008,"SLN",1,1
"719","marmoca01",2008,"CHN",1,NA
"720","martiru01",2008,"LAN",1,NA
"721","mccanbr01",2008,"ATL",1,1
"722","mclouna01",2008,"PIT",1,1
"723","ramirar01",2008,"CHN",1,1
"724","soriaal01",2008,"CHN",0,NA
"725","tejadmi01",2008,"HOU",1,NA
"726","ugglada01",2008,"FLO",1,NA
"727","volqued01",2008,"CIN",1,NA
"728","wagnebi02",2008,"NYN",1,NA
"729","webbbr01",2008,"ARI",1,NA
"730","wilsobr01",2008,"SFN",1,NA
"731","woodke02",2008,"CHN",0,NA
"732","wrighda03",2008,"NYN",1,2
"733","zambrca01",2008,"CHN",1,1
"734","hallaro01",2009,"TOR",1,NA
"735","mauerjo01",2009,"MIN",1,3
"736","teixema01",2009,"NYA",1,2
"737","hillaa01",2009,"TOR",1,2
"738","youngmi02",2009,"TEX",1,NA
"739","jeterde01",2009,"NYA",1,4
"740","bayja01",2009,"BOS",1,1
"741","hamiljo03",2009,"TEX",1,NA
"742","suzukic01",2009,"SEA",1,2
"743","bailean01",2009,"OAK",0,1
"744","bartlja01",2009,"TBA",1,NA
"745","beckejo02",2009,"BOS",0,NA
"746","buehrma01",2009,"CHA",1,1
"747","crawfca02",2009,"TBA",1,1
"748","cruzne02",2009,"TEX",0,NA
"749","fuentbr01",2009,"LAA",0,NA
"750","grandcu01",2009,"DET",1,NA
"751","greinza01",2009,"KCA",1,2
"752","hernafe02",2009,"SEA",1,NA
"753","hunteto01",2009,"LAA",0,3
"754","ingebr01",2009,"DET",1,NA
"755","jacksed01",2009,"DET",1,NA
"756","jonesad01",2009,"BAL",1,1
"757","longoev01",2009,"TBA",0,2
"758","martivi01",2009,"CLE",1,NA
"759","morneju01",2009,"MIN",1,NA
"760","nathajo01",2009,"MIN",1,NA
"761","papeljo01",2009,"BOS",1,NA
"762","pedrodu01",2009,"BOS",0,NA
"763","penaca01",2009,"TBA",0,NA
"764","riverma01",2009,"NYA",1,2
"765","verlaju01",2009,"DET",0,NA
"766","wakefti01",2009,"BOS",0,NA
"767","youklke01",2009,"BOS",1,NA
"768","zobribe01",2009,"TBA",1,NA
"769","linceti01",2009,"SFN",1,2
"770","molinya01",2009,"SLN",1,1
"771","pujolal01",2009,"SLN",1,5
"772","utleych01",2009,"PHI",1,1
"773","wrighda03",2009,"NYN",1,NA
"774","ramirha01",2009,"FLO",1,1
"775","ibanera01",2009,"PHI",1,NA
"776","victosh01",2009,"PHI",1,1
"777","braunry02",2009,"MIL",1,1
"778","bellhe01",2009,"SDN",1,1
"779","beltrca01",2009,"NYN",0,NA
"780","billich01",2009,"LAN",1,NA
"781","broxtjo01",2009,"LAN",0,NA
"782","cainma01",2009,"SFN",0,NA
"783","cordefr01",2009,"CIN",1,NA
"784","dukeza01",2009,"PIT",0,NA
"785","fieldpr01",2009,"MIL",1,NA
"786","frankry01",2009,"SLN",1,1
"787","gonzaad01",2009,"SDN",1,1
"788","harenda01",2009,"ARI",1,NA
"789","hawpebr01",2009,"COL",1,NA
"790","hoffmtr01",2009,"MIL",1,NA
"791","howarry01",2009,"PHI",1,1
"792","hudsoor01",2009,"LAN",1,1
"793","johnsjo09",2009,"FLO",0,NA
"794","lillyte01",2009,"CHN",0,NA
"795","marquja01",2009,"COL",0,NA
"796","mccanbr01",2009,"ATL",1,1
"797","pencehu01",2009,"HOU",0,NA
"798","rodrifr03",2009,"NYN",1,NA
"799","sanchfr01",2009,"PIT",0,NA
"800","santajo01",2009,"NYN",0,NA
"801","tejadmi01",2009,"HOU",1,NA
"802","uptonju01",2009,"ARI",1,NA
"803","werthja01",2009,"PHI",1,NA
"804","zimmery01",2009,"WAS",1,2
"805","priceda01",2010,"TBA",1,NA
"806","mauerjo01",2010,"MIN",1,2
"807","cabremi01",2010,"DET",1,1
"808","canoro01",2010,"NYA",1,2
"809","longoev01",2010,"TBA",1,1
"810","jeterde01",2010,"NYA",1,2
"811","crawfca02",2010,"TBA",1,2
"812","hamiljo03",2010,"TEX",1,4
"813","suzukic01",2010,"SEA",1,1
"814","guerrvl01",2010,"TEX",1,1
"815","andruel01",2010,"TEX",1,NA
"816","bailean01",2010,"OAK",1,NA
"817","bautijo02",2010,"TOR",1,2
"818","beltrad01",2010,"BOS",1,1
"819","buchhcl01",2010,"BOS",0,NA
"820","buckjo01",2010,"TOR",1,NA
"821","cahiltr01",2010,"OAK",0,NA
"822","carmofa01",2010,"CLE",0,NA
"823","felizne01",2010,"TEX",0,1
"824","hugheph01",2010,"NYA",1,NA
"825","hunteto01",2010,"LAA",1,NA
"826","kinslia01",2010,"TEX",1,NA
"827","konerpa01",2010,"CHA",1,NA
"828","leecl02",2010,"TEX",1,NA
"829","lestejo01",2010,"BOS",1,NA
"830","martivi01",2010,"BOS",0,NA
"831","morneju01",2010,"MIN",0,NA
"832","ortizda01",2010,"BOS",1,NA
"833","pedrodu01",2010,"BOS",0,NA
"834","pettian01",2010,"NYA",1,NA
"835","riverma01",2010,"NYA",0,NA
"836","rodrial01",2010,"NYA",0,NA
"837","sabatcc01",2010,"NYA",0,NA
"838","soriajo01",2010,"KCA",0,NA
"839","soriara01",2010,"TBA",1,2
"840","swishni01",2010,"NYA",1,NA
"841","thornma01",2010,"CHA",1,NA
"842","valvejo01",2010,"DET",1,NA
"843","verlaju01",2010,"DET",1,NA
"844","weaveje02",2010,"LAA",0,NA
"845","wellsve01",2010,"TOR",1,1
"846","wiggity01",2010,"BAL",1,NA
"847","jimenub01",2010,"COL",1,NA
"848","molinya01",2010,"SLN",1,1
"849","pujolal01",2010,"SLN",1,2
"850","pradoma01",2010,"ATL",1,NA
"851","wrighda03",2010,"NYN",1,NA
"852","ramirha01",2010,"FLO",1,NA
"853","braunry02",2010,"MIL",1,1
"854","ethiean01",2010,"LAN",1,NA
"855","hartco01",2010,"MIL",1,NA
"856","howarry01",2010,"PHI",1,NA
"857","bellhe01",2010,"SDN",1,2
"858","bournmi01",2010,"HOU",1,1
"859","broxtjo01",2010,"LAN",1,NA
"860","byrdma01",2010,"CHN",1,NA
"861","cappsma01",2010,"WAS",1,NA
"862","carpech01",2010,"SLN",0,NA
"863","furcara01",2010,"LAN",1,NA
"864","gallayo01",2010,"MIL",0,1
"865","gonzaad01",2010,"SDN",1,NA
"866","hallaro01",2010,"PHI",1,2
"867","heywaja01",2010,"ATL",0,NA
"868","hollima01",2010,"SLN",1,1
"869","hudsoti01",2010,"ATL",0,2
"870","infanom01",2010,"ATL",0,NA
"871","johnsjo09",2010,"FLO",1,NA
"872","kuoho01",2010,"LAN",1,NA
"873","linceti01",2010,"SFN",0,1
"874","mccanbr01",2010,"ATL",1,2
"875","meekev01",2010,"PIT",0,NA
"876","phillbr01",2010,"CIN",1,1
"877","reyesjo01",2010,"NYN",0,NA
"878","rhodear01",2010,"CIN",0,NA
"879","rolensc01",2010,"CIN",1,1
"880","tulowtr01",2010,"COL",0,2
"881","utleych01",2010,"PHI",0,NA
"882","vottojo01",2010,"CIN",1,2
"883","wainwad01",2010,"SLN",1,NA
"884","wilsobr01",2010,"SFN",1,NA
"885","youngch04",2010,"ARI",1,NA
"886","weaveje02",2011,"LAA",1,NA
"887","avilaal01",2011,"DET",1,1
"888","gonzaad01",2011,"BOS",1,2
"889","canoro01",2011,"NYA",1,1
"890","beltrad01",2011,"TEX",1,2
"891","cabreas01",2011,"CLE",1,1
"892","hamiljo03",2011,"TEX",1,NA
"893","grandcu01",2011,"NYA",1,1
"894","bautijo02",2011,"TOR",1,2
"895","ortizda01",2011,"BOS",1,2
"896","beckejo02",2011,"BOS",0,NA
"897","cabremi01",2011,"DET",1,NA
"898","crowaa01",2011,"KCA",0,NA
"899","cuddymi01",2011,"MIN",1,NA
"900","ellsbja01",2011,"BOS",1,3
"901","gonzagi01",2011,"OAK",1,NA
"902","hernafe02",2011,"SEA",0,NA
"903","jeterde01",2011,"NYA",0,NA
"904","joycema01",2011,"TBA",1,NA
"905","kendrho01",2011,"LAA",1,NA
"906","konerpa01",2011,"CHA",1,NA
"907","leagubr01",2011,"SEA",1,NA
"908","lestejo01",2011,"BOS",0,NA
"909","martiru01",2011,"NYA",0,NA
"910","ogandal01",2011,"TEX",1,NA
"911","peraljh01",2011,"DET",1,NA
"912","perezch01",2011,"CLE",1,NA
"913","pinedmi01",2011,"SEA",1,NA
"914","priceda01",2011,"TBA",0,NA
"915","quentca01",2011,"CHA",1,NA
"916","riverma01",2011,"NYA",0,NA
"917","roberda08",2011,"NYA",1,NA
"918","rodrial01",2011,"NYA",0,NA
"919","romerri01",2011,"TOR",0,NA
"920","sabatcc01",2011,"NYA",0,NA
"921","shielja02",2011,"TBA",0,NA
"922","valvejo01",2011,"DET",0,1
"923","verlaju01",2011,"DET",0,5
"924","waldejo01",2011,"LAA",1,NA
"925","wietema01",2011,"BAL",1,1
"926","wilsocj01",2011,"TEX",1,NA
"927","youklke01",2011,"BOS",1,NA
"928","youngmi02",2011,"TEX",1,NA
"929","hallaro01",2011,"PHI",1,NA
"930","mccanbr01",2011,"ATL",1,1
"931","fieldpr01",2011,"MIL",1,2
"932","weeksri01",2011,"MIL",1,NA
"933","rolensc01",2011,"CIN",1,NA
"934","tulowtr01",2011,"COL",1,2
"935","hollima01",2011,"SLN",1,NA
"936","kempma01",2011,"LAN",1,3
"937","berkmla01",2011,"SLN",1,1
"938","beltrca01",2011,"NYN",1,NA
"939","bellhe01",2011,"SDN",1,NA
"940","bruceja01",2011,"CIN",1,NA
"941","cainma01",2011,"SFN",0,NA
"942","castrst01",2011,"CHN",1,NA
"943","clippty01",2011,"WAS",1,NA
"944","correke01",2011,"PIT",0,NA
"945","ethiean01",2011,"LAN",1,1
"946","hamelco01",2011,"PHI",0,NA
"947","hanrajo01",2011,"PIT",1,NA
"948","jonesch06",2011,"ATL",0,NA
"949","jurrjja01",2011,"ATL",1,NA
"950","kershcl01",2011,"LAN",1,4
"951","kimbrcr01",2011,"ATL",1,1
"952","leecl02",2011,"PHI",1,NA
"953","linceti01",2011,"SFN",0,NA
"954","mccutan01",2011,"PIT",1,NA
"955","molinya01",2011,"SLN",1,1
"956","montemi01",2011,"ARI",1,NA
"957","pencehu01",2011,"HOU",1,NA
"958","phillbr01",2011,"CIN",1,2
"959","polanpl01",2011,"PHI",0,1
"960","reyesjo01",2011,"NYN",0,NA
"961","sanchga01",2011,"FLO",1,NA
"962","sandopa01",2011,"SFN",1,NA
"963","uptonju01",2011,"ARI",1,1
"964","ventejo01",2011,"ATL",1,NA
"965","victosh01",2011,"PHI",0,1
"966","vogelry01",2011,"SFN",0,NA
"967","vottojo01",2011,"CIN",1,1
"968","wilsobr01",2011,"SFN",1,NA
"969","verlaju01",2012,"DET",1,1
"970","napolmi01",2012,"TEX",1,NA
"971","fieldpr01",2012,"DET",1,1
"972","canoro01",2012,"NYA",1,2
"973","beltrad01",2012,"TEX",1,1
"974","jeterde01",2012,"NYA",1,1
"975","hamiljo03",2012,"TEX",1,1
"976","grandcu01",2012,"NYA",1,NA
"977","bautijo02",2012,"TOR",1,NA
"978","ortizda01",2012,"BOS",1,NA
"979","andruel01",2012,"TEX",1,NA
"980","butlebi03",2012,"KCA",1,1
"981","cabreas01",2012,"CLE",1,NA
"982","cabremi01",2012,"DET",1,5
"983","cookry01",2012,"OAK",1,NA
"984","darviyu01",2012,"TEX",0,NA
"985","dunnad01",2012,"CHA",0,NA
"986","freesda01",2012,"SLN",1,NA
"987","harrima01",2012,"TEX",1,NA
"988","hernafe02",2012,"SEA",0,NA
"989","johnsji04",2012,"BAL",1,1
"990","jonesad01",2012,"BAL",1,1
"991","kinslia01",2012,"TEX",1,NA
"992","konerpa01",2012,"CHA",1,NA
"993","mauerjo01",2012,"MIN",1,NA
"994","nathajo01",2012,"TEX",1,NA
"995","peavyja01",2012,"CHA",0,NA
"996","perezch01",2012,"CLE",0,NA
"997","priceda01",2012,"TBA",1,2
"998","rodnefe01",2012,"TBA",1,1
"999","sabatcc01",2012,"NYA",0,NA
"1000","salech01",2012,"CHA",1,NA
"1001","troutmi01",2012,"LAA",1,2
"1002","trumbma01",2012,"LAA",1,NA
"1003","weaveje02",2012,"LAA",1,NA
"1004","wietema01",2012,"BAL",1,1
"1005","wilsocj01",2012,"LAA",0,NA
"1006","cainma01",2012,"SFN",1,NA
"1007","poseybu01",2012,"SFN",1,4
"1008","vottojo01",2012,"CIN",1,NA
"1009","ugglada01",2012,"ATL",1,NA
"1010","sandopa01",2012,"SFN",1,2
"1011","furcara01",2012,"SLN",1,NA
"1012","braunry02",2012,"MIL",1,NA
"1013","cabreme01",2012,"SFN",1,1
"1014","beltrca01",2012,"SLN",1,NA
"1015","gonzaca01",2012,"COL",1,1
"1016","altuvjo01",2012,"HOU",1,NA
"1017","bournmi01",2012,"ATL",1,NA
"1018","bruceja01",2012,"CIN",1,1
"1019","castrst01",2012,"CHN",1,NA
"1020","chapmar01",2012,"CIN",1,NA
"1021","desmoia01",2012,"WAS",0,1
"1022","dickera01",2012,"NYN",1,3
"1023","freesda01",2012,"SLN",1,NA
"1024","gonzagi01",2012,"WAS",1,NA
"1025","hamelco01",2012,"PHI",1,NA
"1026","hanrajo01",2012,"PIT",1,NA
"1027","harpebr03",2012,"WAS",1,1
"1028","hollima01",2012,"SLN",1,NA
"1029","jonesch06",2012,"ATL",1,NA
"1030","kempma01",2012,"LAN",0,NA
"1031","kershcl01",2012,"LAN",1,1
"1032","kimbrcr01",2012,"ATL",1,1
"1033","lahaibr01",2012,"CHN",1,NA
"1034","lynnla01",2012,"SLN",0,NA
"1035","mccutan01",2012,"PIT",1,2
"1036","mileywa01",2012,"ARI",1,NA
"1037","molinya01",2012,"SLN",0,1
"1038","papeljo01",2012,"PHI",1,NA
"1039","ruizca01",2012,"PHI",1,NA
"1040","stantmi03",2012,"MIA",0,NA
"1041","strasst01",2012,"WAS",1,1
"1042","streehu01",2012,"SDN",0,NA
"1043","wrighda03",2012,"NYN",1,NA
"1044","scherma01",2013,"DET",1,1
"1045","mauerjo01",2013,"MIN",1,1
"1046","davisch02",2013,"BAL",1,1
"1047","canoro01",2013,"NYA",1,1
"1048","cabremi01",2013,"DET",1,4
"1049","hardyjj01",2013,"BAL",1,2
"1050","troutmi01",2013,"LAA",1,1
"1051","jonesad01",2013,"BAL",1,2
"1052","bautijo02",2013,"TOR",1,NA
"1053","ortizda01",2013,"BOS",1,2
"1054","balfogr01",2013,"OAK",1,NA
"1055","buchhcl01",2013,"BOS",0,NA
"1056","castrja01",2013,"HOU",0,NA
"1057","cecilbr01",2013,"TOR",1,NA
"1058","colonba01",2013,"OAK",0,NA
"1059","crainje01",2013,"CHA",0,NA
"1060","cruzne02",2013,"TEX",1,NA
"1061","darviyu01",2013,"TEX",0,NA
"1062","delabst01",2013,"TOR",1,NA
"1063","encared01",2013,"TOR",1,NA
"1064","fieldpr01",2013,"DET",1,NA
"1065","gordoal01",2013,"KCA",1,1
"1066","hernafe02",2013,"SEA",1,NA
"1067","hollagr01",2013,"KCA",1,NA
"1068","hunteto01",2013,"DET",1,1
"1069","iwakuhi01",2013,"SEA",0,NA
"1070","kipnija01",2013,"CLE",1,NA
"1071","machama01",2013,"BAL",1,1
"1072","masteju01",2013,"CLE",0,NA
"1073","moorema02",2013,"TBA",1,NA
"1074","nathajo01",2013,"TEX",1,NA
"1075","pedrodu01",2013,"BOS",1,1
"1076","peraljh01",2013,"DET",1,NA
"1077","perezsa02",2013,"KCA",1,1
"1078","perkigl01",2013,"MIN",0,NA
"1079","riverma01",2013,"NYA",1,2
"1080","salech01",2013,"CHA",1,NA
"1081","tillmch01",2013,"BAL",0,NA
"1082","verlaju01",2013,"DET",0,NA
"1083","zobribe01",2013,"TBA",0,NA
"1084","harvema01",2013,"NYN",1,NA
"1085","molinya01",2013,"SLN",1,2
"1086","vottojo01",2013,"CIN",1,NA
"1087","phillbr01",2013,"CIN",1,1
"1088","wrighda03",2013,"NYN",1,NA
"1089","tulowtr01",2013,"COL",1,NA
"1090","gonzaca01",2013,"COL",1,1
"1091","harpebr03",2013,"WAS",1,NA
"1092","beltrca01",2013,"SLN",1,1
"1093","cuddymi01",2013,"COL",1,1
"1094","alvarpe01",2013,"PIT",1,1
"1095","browndo01",2013,"PHI",1,NA
"1096","bumgama01",2013,"SFN",0,NA
"1097","cabreev01",2013,"SDN",0,NA
"1098","carpema01",2013,"SLN",1,1
"1099","chapmar01",2013,"CIN",1,NA
"1100","corbipa01",2013,"ARI",1,NA
"1101","craigal01",2013,"SLN",1,NA
"1102","fernajo02",2013,"MIA",1,1
"1103","freemfr01",2013,"ATL",0,NA
"1104","goldspa01",2013,"ARI",1,3
"1105","gomezca01",2013,"MIL",1,1
"1106","grillja01",2013,"PIT",1,NA
"1107","kershcl01",2013,"LAN",1,2
"1108","kimbrcr01",2013,"ATL",1,NA
"1109","leecl02",2013,"PHI",1,NA
"1110","lockeje01",2013,"PIT",0,NA
"1111","mccanbr01",2013,"ATL",0,NA
"1112","mccutan01",2013,"PIT",1,2
"1113","melanma01",2013,"PIT",0,NA
"1114","poseybu01",2013,"SFN",1,NA
"1115","romose01",2013,"SFN",0,NA
"1116","scutama01",2013,"SFN",0,NA
"1117","segurje01",2013,"MIL",1,NA
"1118","wainwad01",2013,"SLN",0,1
"1119","woodtr01",2013,"CHN",0,NA
"1120","zimmejo02",2013,"WAS",0,NA
"1121","hernafe02",2014,"SEA",1,NA
"1122","perezsa02",2014,"KCA",1,1
"1123","cabremi01",2014,"DET",1,NA
"1124","canoro01",2014,"SEA",1,NA
"1125","donaljo02",2014,"OAK",1,NA
"1126","jeterde01",2014,"NYA",1,NA
"1127","troutmi01",2014,"LAA",1,4
"1128","jonesad01",2014,"BAL",1,1
"1129","bautijo02",2014,"TOR",1,1
"1130","cruzne02",2014,"BAL",1,NA
"1131","abreujo02",2014,"CHA",1,2
"1132","altuvjo01",2014,"HOU",1,1
"1133","aybarer01",2014,"LAA",1,NA
"1134","beltrad01",2014,"TEX",1,1
"1135","betande01",2014,"NYA",0,NA
"1136","brantmi02",2014,"CLE",1,1
"1137","buehrma01",2014,"TOR",0,NA
"1138","cespeyo01",2014,"OAK",1,NA
"1139","darviyu01",2014,"TEX",1,NA
"1140","doolise01",2014,"OAK",1,NA
"1141","encared01",2014,"TOR",0,NA
"1142","gordoal01",2014,"KCA",0,1
"1143","hollagr01",2014,"KCA",1,1
"1144","kazmisc01",2014,"OAK",1,NA
"1145","kinslia01",2014,"DET",1,NA
"1146","lestejo01",2014,"BOS",1,NA
"1147","martivi01",2014,"DET",0,1
"1148","mossbr01",2014,"OAK",1,NA
"1149","norride01",2014,"OAK",1,NA
"1150","perkigl01",2014,"MIN",1,NA
"1151","priceda01",2014,"TBA",0,NA
"1152","ramiral03",2014,"CHA",1,1
"1153","rodnefe01",2014,"SEA",1,NA
"1154","salech01",2014,"CHA",1,NA
"1155","scherma01",2014,"DET",1,NA
"1156","seageky01",2014,"SEA",1,1
"1157","suzukku01",2014,"MIN",1,NA
"1158","tanakma01",2014,"NYA",0,NA
"1159","ueharko01",2014,"BOS",1,NA
"1160","wietema01",2014,"BAL",0,NA
"1161","wainwad01",2014,"SLN",1,NA
"1162","lucrojo01",2014,"MIL",1,NA
"1163","goldspa01",2014,"ARI",1,NA
"1164","utleych01",2014,"PHI",1,NA
"1165","ramirar01",2014,"MIL",1,NA
"1166","tulowtr01",2014,"COL",1,NA
"1167","gomezca01",2014,"MIL",1,NA
"1168","mccutan01",2014,"PIT",1,1
"1169","puigya01",2014,"LAN",1,NA
"1170","stantmi03",2014,"MIA",1,2
"1171","alvarhe01",2014,"MIA",0,NA
"1172","blackch02",2014,"COL",1,NA
"1173","bumgama01",2014,"SFN",0,3
"1174","carpema01",2014,"SLN",0,NA
"1175","castrst01",2014,"CHN",1,NA
"1176","chapmar01",2014,"CIN",1,NA
"1177","clippty01",2014,"WAS",1,NA
"1178","cuetojo01",2014,"CIN",0,NA
"1179","frazito01",2014,"CIN",1,NA
"1180","freemfr01",2014,"ATL",1,NA
"1181","gordode01",2014,"LAN",1,NA
"1182","greinza01",2014,"LAN",1,1
"1183","harrijo05",2014,"PIT",1,NA
"1184","hudsoti01",2014,"SFN",0,NA
"1185","kershcl01",2014,"LAN",1,3
"1186","kimbrcr01",2014,"ATL",1,1
"1187","mesorde01",2014,"CIN",1,NA
"1188","molinya01",2014,"SLN",0,1
"1189","montemi01",2014,"ARI",1,NA
"1190","murphda08",2014,"NYN",1,NA
"1191","neshepa01",2014,"SLN",1,NA
"1192","pencehu01",2014,"SFN",1,NA
"1193","rizzoan01",2014,"CHN",1,1
"1194","rodrifr03",2014,"MIL",1,NA
"1195","rossty01",2014,"SDN",0,NA
"1196","samarje01",2014,"CHN",0,NA
"1197","simonal01",2014,"CIN",1,NA
"1198","streehu01",2014,"SDN",0,NA
"1199","teherju01",2014,"ATL",0,NA
"1200","watsoto01",2014,"PIT",1,NA
"1201","zimmejo02",2014,"WAS",0,NA
"1202","keuchda01",2015,"HOU",1,2
"1203","perezsa02",2015,"KCA",1,2
"1204","pujolal01",2015,"LAA",1,NA
"1205","altuvjo01",2015,"HOU",1,2
"1206","donaljo02",2015,"TOR",1,4
"1207","escobal02",2015,"KCA",1,2
"1208","jonesad01",2015,"BAL",1,NA
"1209","troutmi01",2015,"LAA",1,2
"1210","cainlo01",2015,"KCA",1,NA
"1211","cruzne02",2015,"SEA",1,1
"1212","archech01",2015,"TBA",1,NA
"1213","bautijo02",2015,"TOR",0,NA
"1214","betande01",2015,"NYA",1,NA
"1215","boxbebr01",2015,"TBA",0,NA
"1216","brittza01",2015,"BAL",1,NA
"1217","cabremi01",2015,"DET",0,1
"1218","daviswa01",2015,"KCA",1,NA
"1219","doziebr01",2015,"MIN",1,NA
"1220","fieldpr01",2015,"TEX",1,1
"1221","gardnbr01",2015,"NYA",1,NA
"1222","gordoal01",2015,"KCA",0,NA
"1223","grayso01",2015,"OAK",0,NA
"1224","hernafe02",2015,"SEA",1,NA
"1225","herreke01",2015,"KCA",0,NA
"1226","holtbr01",2015,"BOS",1,NA
"1227","iglesjo01",2015,"DET",1,NA
"1228","kipnija01",2015,"CLE",1,NA
"1229","machama01",2015,"BAL",1,1
"1230","martijd02",2015,"DET",1,1
"1231","martiru01",2015,"TOR",1,NA
"1232","moustmi01",2015,"KCA",1,NA
"1233","odayda01",2015,"BAL",0,NA
"1234","perkigl01",2015,"MIN",1,NA
"1235","priceda01",2015,"DET",1,NA
"1236","salech01",2015,"CHA",0,NA
"1237","santihe01",2015,"LAA",0,NA
"1238","teixema01",2015,"NYA",1,NA
"1239","vogtst01",2015,"OAK",1,NA
"1240","greinza01",2015,"LAN",1,1
"1241","poseybu01",2015,"SFN",1,1
"1242","goldspa01",2015,"ARI",1,2
"1243","lemahdj01",2015,"COL",1,NA
"1244","frazito01",2015,"CIN",1,NA
"1245","peraljh01",2015,"SLN",1,NA
"1246","pederjo01",2015,"LAN",1,NA
"1247","mccutan01",2015,"PIT",1,2
"1248","harpebr03",2015,"WAS",1,3
"1249","rizzoan01",2015,"CHN",1,NA
"1250","arenano01",2015,"COL",1,2
"1251","braunry02",2015,"MIL",1,NA
"1252","bryankr01",2015,"CHN",1,1
"1253","bumgama01",2015,"SFN",1,1
"1254","burneaj01",2015,"PIT",0,NA
"1255","chapmar01",2015,"CIN",1,NA
"1256","colege01",2015,"PIT",1,NA
"1257","crawfbr01",2015,"SFN",1,2
"1258","degroja01",2015,"NYN",1,NA
"1259","gonzaad01",2015,"LAN",1,NA
"1260","gordode01",2015,"MIA",0,2
"1261","grandya01",2015,"LAN",1,NA
"1262","hollima01",2015,"SLN",0,NA
"1263","kershcl01",2015,"LAN",1,NA
"1264","martica04",2015,"SLN",0,NA
"1265","melanma01",2015,"PIT",1,1
"1266","millesh01",2015,"ATL",0,NA
"1267","molinya01",2015,"SLN",1,1
"1268","panikjo01",2015,"SFN",1,NA
"1269","papeljo01",2015,"PHI",0,NA
"1270","polloaj01",2015,"ARI",1,1
"1271","rodrifr03",2015,"MIL",1,NA
"1272","rosentr01",2015,"SLN",0,NA
"1273","scherma01",2015,"WAS",0,NA
"1274","stantmi03",2015,"MIA",0,NA
"1275","tulowtr01",2015,"COL",1,NA
"1276","uptonju01",2015,"SDN",1,NA
"1277","wachami01",2015,"SLN",0,NA
"1278","salech01",2016,"CHA",1,NA
"1279","perezsa02",2016,"KCA",1,3
"1280","hosmeer01",2016,"KCA",1,NA
"1281","altuvjo01",2016,"HOU",1,3
"1282","machama01",2016,"BAL",1,NA
"1283","bogaexa01",2016,"BOS",1,1
"1284","bradlja02",2016,"BOS",1,1
"1285","troutmi01",2016,"LAA",1,3
"1286","bettsmo01",2016,"BOS",1,3
"1287","ortizda01",2016,"BOS",1,4
"1288","beltrca01",2016,"NYA",1,NA
"1289","betande01",2016,"NYA",1,NA
"1290","brachbr01",2016,"BAL",0,NA
"1291","brittza01",2016,"BAL",1,3
"1292","cabremi01",2016,"DET",1,2
"1293","canoro01",2016,"SEA",1,NA
"1294","colomal01",2016,"TBA",0,NA
"1295","daviswa01",2016,"KCA",0,NA
"1296","desmoia01",2016,"TEX",1,NA
"1297","donaljo02",2016,"TOR",1,2
"1298","encared01",2016,"TOR",1,NA
"1299","estrama01",2016,"TOR",0,NA
"1300","hamelco01",2016,"TEX",1,NA
"1301","harriwi02",2016,"HOU",1,NA
"1302","herreke01",2016,"KCA",1,NA
"1303","kimbrcr01",2016,"BOS",0,NA
"1304","klubeco01",2016,"CLE",1,2
"1305","lindofr01",2016,"CLE",1,2
"1306","millean01",2016,"NYA",1,1
"1307","nunezed02",2016,"MIN",1,NA
"1308","quintjo01",2016,"CHA",1,NA
"1309","salazda01",2016,"CLE",0,NA
"1310","sanchaa01",2016,"TOR",1,NA
"1311","saundmi01",2016,"TOR",1,NA
"1312","trumbma01",2016,"BAL",1,1
"1313","vogtst01",2016,"OAK",0,NA
"1314","wietema01",2016,"BAL",1,NA
"1315","wrighst01",2016,"BOS",0,NA
"1316","cuetojo01",2016,"SFN",1,NA
"1317","poseybu01",2016,"SFN",1,2
"1318","rizzoan01",2016,"CHN",1,2
"1319","zobribe01",2016,"CHN",1,1
"1320","bryankr01",2016,"CHN",1,3
"1321","russead02",2016,"CHN",1,NA
"1322","gonzaca01",2016,"COL",1,NA
"1323","ozunama01",2016,"MIA",1,NA
"1324","harpebr03",2016,"WAS",1,NA
"1325","myerswi01",2016,"SDN",1,NA
"1326","arenano01",2016,"COL",1,2
"1327","arrieja01",2016,"CHN",0,1
"1328","beltbr01",2016,"SFN",1,NA
"1329","bruceja01",2016,"CIN",1,NA
"1330","bumgama01",2016,"SFN",0,NA
"1331","carpema01",2016,"SLN",0,NA
"1332","cespeyo01",2016,"NYN",0,2
"1333","colonba01",2016,"NYN",0,NA
"1334","diazal02",2016,"SLN",1,NA
"1335","duvalad01",2016,"CIN",1,NA
"1336","familje01",2016,"NYN",0,NA
"1337","fernajo02",2016,"MIA",1,NA
"1338","fowlede01",2016,"CHN",0,NA
"1339","goldspa01",2016,"ARI",1,NA
"1340","herreod01",2016,"PHI",1,NA
"1341","janseke01",2016,"LAN",1,3
"1342","kershcl01",2016,"LAN",0,NA
"1343","lestejo01",2016,"CHN",1,1
"1344","lucrojo01",2016,"MIL",1,NA
"1345","martest01",2016,"PIT",1,2
"1346","melanma01",2016,"PIT",1,NA
"1347","murphda08",2016,"WAS",1,2
"1348","pomerdr01",2016,"SDN",1,NA
"1349","ramosaj01",2016,"MIA",0,NA
"1350","ramoswi01",2016,"WAS",1,1
"1351","rodnefe01",2016,"MIA",1,NA
"1352","scherma01",2016,"WAS",1,3
"1353","seageco01",2016,"LAN",1,3
"1354","strasst01",2016,"WAS",0,NA
"1355","syndeno01",2016,"NYN",0,NA
"1356","teherju01",2016,"ATL",1,NA
"1357","salech01",2017,"BOS",1,1
"1358","perezsa02",2017,"KCA",1,NA
"1359","smoakju01",2017,"TOR",1,NA
"1360","altuvjo01",2017,"HOU",1,4
"1361","ramirjo01",2017,"CLE",1,1
"1362","correca01",2017,"HOU",1,NA
"1363","springe01",2017,"HOU",1,2
"1364","bettsmo01",2017,"BOS",1,2
"1365","judgeaa01",2017,"NYA",1,3
"1366","dickeco01",2017,"TBA",1,NA
"1367","alonsyo01",2017,"OAK",1,NA
"1368","archech01",2017,"TBA",0,NA
"1369","betande01",2017,"NYA",1,NA
"1370","brantmi02",2017,"CLE",1,NA
"1371","canoro01",2017,"SEA",1,NA
"1372","castrst01",2017,"NYA",0,NA
"1373","cruzne02",2017,"SEA",1,3
"1374","darviyu01",2017,"TEX",0,NA
"1375","devench02",2017,"HOU",1,NA
"1376","fulmemi01",2017,"DET",0,NA
"1377","garciav01",2017,"CHA",1,NA
"1378","keuchda01",2017,"HOU",0,NA
"1379","kimbrcr01",2017,"BOS",1,2
"1380","kintzbr01",2017,"MIN",1,NA
"1381","klubeco01",2017,"CLE",0,1
"1382","lindofr01",2017,"CLE",1,2
"1383","mcculla02",2017,"HOU",0,NA
"1384","millean01",2017,"CLE",1,NA
"1385","moustmi01",2017,"KCA",1,1
"1386","osunaro01",2017,"TOR",1,NA
"1387","sanchga02",2017,"NYA",1,2
"1388","sanomi01",2017,"MIN",1,NA
"1389","santaer01",2017,"MIN",1,NA
"1390","schoojo01",2017,"BAL",1,NA
"1391","severlu01",2017,"NYA",0,NA
"1392","troutmi01",2017,"LAA",0,1
"1393","uptonju01",2017,"DET",1,1
"1394","vargaja01",2017,"KCA",1,NA
"1395","scherma01",2017,"WAS",1,2
"1396","poseybu01",2017,"SFN",1,2
"1397","zimmery01",2017,"WAS",1,1
"1398","murphda08",2017,"WAS",1,2
"1399","arenano01",2017,"COL",1,2
"1400","cozarza01",2017,"CIN",1,NA
"1401","ozunama01",2017,"MIA",1,3
"1402","blackch02",2017,"COL",1,2
"1403","harpebr03",2017,"WAS",1,NA
"1404","stantmi03",2017,"MIA",1,4
"1405","bellico01",2017,"LAN",1,1
"1406","confomi01",2017,"NYN",1,NA
"1407","daviswa01",2017,"CHN",1,NA
"1408","goldspa01",2017,"ARI",1,2
"1409","greinza01",2017,"ARI",1,1
"1410","handbr01",2017,"SDN",1,NA
"1411","harrijo05",2017,"PIT",1,NA
"1412","hollagr01",2017,"COL",1,NA
"1413","inciaen01",2017,"ATL",1,1
"1414","janseke01",2017,"LAN",1,2
"1415","kershcl01",2017,"LAN",0,NA
"1416","knebeco01",2017,"MIL",0,NA
"1417","lambja01",2017,"ARI",1,NA
"1418","lemahdj01",2017,"COL",0,1
"1419","martica04",2017,"SLN",1,NA
"1420","molinya01",2017,"SLN",1,NA
"1421","neshepa01",2017,"PHI",1,NA
"1422","rayro02",2017,"ARI",0,NA
"1423","seageco01",2017,"LAN",1,2
"1424","strasst01",2017,"WAS",0,NA
"1425","turneju01",2017,"LAN",1,1
"1426","vottojo01",2017,"CIN",1,1
"1427","woodal02",2017,"LAN",1,NA
"1428","salech01",2018,"BOS",1,1
"1429","perezsa02",2018,"KCA",1,2
"1430","abreujo02",2018,"CHA",1,1
"1431","altuvjo01",2018,"HOU",1,2
"1432","ramirjo01",2018,"CLE",1,2
"1433","machama01",2018,"BAL",1,NA
"1434","judgeaa01",2018,"NYA",1,1
"1435","troutmi01",2018,"LAA",1,2
"1436","bettsmo01",2018,"BOS",1,4
"1437","martijd02",2018,"BOS",1,3
"1438","bauertr01",2018,"CLE",0,NA
"1439","berrijo01",2018,"MIN",1,NA
"1440","brantmi02",2018,"CLE",1,NA
"1441","bregmal01",2018,"HOU",1,NA
"1442","chapmar01",2018,"NYA",0,NA
"1443","choosh01",2018,"TEX",1,NA
"1444","colege01",2018,"HOU",0,NA
"1445","cruzne02",2018,"SEA",1,NA
"1446","diazed04",2018,"SEA",1,2
"1447","gomesya01",2018,"CLE",1,1
"1448","hanigmi01",2018,"SEA",1,NA
"1449","happja01",2018,"TOR",1,NA
"1450","jimenjo02",2018,"DET",1,NA
"1451","kimbrcr01",2018,"BOS",0,NA
"1452","klubeco01",2018,"CLE",0,NA
"1453","lindofr01",2018,"CLE",1,2
"1454","lowrije01",2018,"OAK",1,NA
"1455","morelmi01",2018,"BOS",1,NA
"1456","mortoch02",2018,"HOU",1,NA
"1457","ramoswi01",2018,"TBA",0,NA
"1458","segurje01",2018,"SEA",1,NA
"1459","severlu01",2018,"NYA",1,NA
"1460","snellbl01",2018,"TBA",1,1
"1461","springe01",2018,"HOU",1,NA
"1462","torregl01",2018,"NYA",0,NA
"1463","treinbl01",2018,"OAK",1,NA
"1464","verlaju01",2018,"HOU",0,NA
"1465","scherma01",2018,"WAS",1,NA
"1466","contrwi01",2018,"CHN",1,NA
"1467","freemfr01",2018,"ATL",1,2
"1468","baezja01",2018,"CHN",1,2
"1469","arenano01",2018,"COL",1,3
"1470","crawfbr01",2018,"SFN",1,NA
"1471","kempma01",2018,"LAN",1,NA
"1472","harpebr03",2018,"WAS",1,NA
"1473","markani01",2018,"ATL",1,2
"1474","goldspa01",2018,"ARI",1,1
"1475","aguilje01",2018,"MIL",1,NA
"1476","albieoz01",2018,"ATL",1,NA
"1477","blackch02",2018,"COL",1,NA
"1478","cainlo01",2018,"MIL",1,1
"1479","corbipa01",2018,"ARI",0,NA
"1480","degroja01",2018,"NYN",1,2
"1481","doolise01",2018,"WAS",0,NA
"1482","foltymi01",2018,"ATL",1,NA
"1483","gennesc01",2018,"CIN",1,NA
"1484","haderjo01",2018,"MIL",1,2
"1485","handbr01",2018,"SDN",1,NA
"1486","janseke01",2018,"LAN",0,NA
"1487","jeffrje01",2018,"MIL",1,NA
"1488","lestejo01",2018,"CHN",0,NA
"1489","mikolmi01",2018,"SLN",0,NA
"1490","molinya01",2018,"SLN",1,2
"1491","nolaaa01",2018,"PHI",1,NA
"1492","poseybu01",2018,"SFN",0,NA
"1493","realmjt01",2018,"MIA",1,2
"1494","riverfe01",2018,"PIT",1,NA
"1495","storytr01",2018,"COL",1,2
"1496","stripro01",2018,"LAN",1,NA
"1497","suareeu01",2018,"CIN",1,NA
"1498","vottojo01",2018,"CIN",1,NA
"1499","yelicch01",2018,"MIL",1,4
"1500","verlaju01",2019,"HOU",1,1
"1501","sanchga02",2019,"NYA",1,NA
"1502","santaca01",2019,"CLE",1,2
"1503","lemahdj01",2019,"NYA",1,2
"1504","bregmal01",2019,"HOU",1,2
"1505","polanjo01",2019,"MIN",1,NA
"1506","brantmi02",2019,"HOU",1,NA
"1507","troutmi01",2019,"LAA",1,4
"1508","springe01",2019,"HOU",1,2
"1509","martijd02",2019,"BOS",1,NA
"1510","abreujo02",2019,"CHA",1,NA
"1511","berrijo01",2019,"MIN",1,NA
"1512","bettsmo01",2019,"BOS",1,3
"1513","biebesh01",2019,"CLE",1,NA
"1514","bogaexa01",2019,"BOS",1,1
"1515","chapmar01",2019,"NYA",1,1
"1516","chapmma01",2019,"OAK",1,1
"1517","colege01",2019,"HOU",0,1
"1518","gallojo01",2019,"TEX",1,NA
"1519","giolilu01",2019,"CHA",1,NA
"1520","greensh02",2019,"DET",1,NA
"1521","handbr01",2019,"CLE",1,NA
"1522","hendrli01",2019,"OAK",1,1
"1523","lasteto01",2019,"LAA",0,NA
"1524","lindofr01",2019,"CLE",1,1
"1525","lowebr01",2019,"TBA",0,NA
"1526","mccanja02",2019,"CHA",1,NA
"1527","meadoau01",2019,"TBA",1,NA
"1528","meansjo01",2019,"BAL",0,NA
"1529","merriwh01",2019,"KCA",1,NA
"1530","mortoch02",2019,"TBA",0,NA
"1531","odorija01",2019,"MIN",0,NA
"1532","pencehu01",2019,"TEX",0,NA
"1533","pressry01",2019,"HOU",0,NA
"1534","tanakma01",2019,"NYA",1,NA
"1535","torregl01",2019,"NYA",1,NA
"1536","vogelda01",2019,"SEA",1,NA
"1537","ryuhy01",2019,"LAN",1,NA
"1538","contrwi01",2019,"CHN",1,NA
"1539","freemfr01",2019,"ATL",1,2
"1540","marteke01",2019,"ARI",1,1
"1541","arenano01",2019,"COL",1,1
"1542","baezja01",2019,"CHN",1,NA
"1543","yelicch01",2019,"MIL",1,3
"1544","acunaro01",2019,"ATL",1,2
"1545","bellico01",2019,"LAN",1,4
"1546","belljo02",2019,"PIT",1,NA
"1547","alcansa01",2019,"MIA",1,NA
"1548","alonspe01",2019,"NYN",1,1
"1549","blackch02",2019,"COL",1,NA
"1550","bryankr01",2019,"CHN",1,NA
"1551","buehlwa01",2019,"LAN",1,NA
"1552","castilu02",2019,"CIN",1,NA
"1553","dahlda01",2019,"COL",1,NA
"1554","degroja01",2019,"NYN",1,2
"1555","dejonpa01",2019,"SLN",1,NA
"1556","grandya01",2019,"MIL",1,NA
"1557","grayso01",2019,"CIN",0,NA
"1558","haderjo01",2019,"MIL",0,1
"1559","kershcl01",2019,"LAN",1,NA
"1560","mcneije01",2019,"NYN",1,NA
"1561","moustmi01",2019,"MIL",1,NA
"1562","muncyma01",2019,"LAN",1,NA
"1563","realmjt01",2019,"PHI",1,3
"1564","rendoan01",2019,"WAS",0,2
"1565","riverfe01",2019,"PIT",0,NA
"1566","scherma01",2019,"WAS",0,NA
"1567","smithwi04",2019,"SFN",1,NA
"1568","sorokmi01",2019,"ATL",1,NA
"1569","storytr01",2019,"COL",1,2
"1570","woodrbr01",2019,"MIL",1,NA
"1571","yateski01",2019,"SDN",0,1
"1572","ohtansh01",2021,"LAA",1,4
"1573","perezsa02",2021,"KCA",1,2
"1574","guerrvl02",2021,"TOR",1,3
"1575","semiema01",2021,"TOR",1,3
"1576","deverra01",2021,"BOS",1,1
"1577","bogaexa01",2021,"BOS",1,1
"1578","hernate01",2021,"TOR",1,1
"1579","mullice01",2021,"BAL",1,2
"1580","judgeaa01",2021,"NYA",1,2
"1581","ohtansh01",2021,"LAA",1,4
"1582","altuvjo01",2021,"HOU",0,NA
"1583","anderti01",2021,"CHA",0,NA
"1584","barnema01",2021,"BOS",1,NA
"1585","bassich01",2021,"OAK",1,NA
"1586","bichebo01",2021,"TOR",1,NA
"1587","biebesh01",2021,"CLE",0,NA
"1588","brantmi02",2021,"HOU",0,NA
"1589","chapmar01",2021,"NYA",0,NA
"1590","colege01",2021,"NYA",0,1
"1591","correca01",2021,"HOU",0,2
"1592","cruzne02",2021,"MIN",1,1
"1593","eovalna01",2021,"BOS",1,NA
"1594","gallojo01",2021,"TEX",1,1
"1595","garciad02",2021,"TEX",1,NA
"1596","gibsoky01",2021,"TEX",1,NA
"1597","hendrli01",2021,"CHA",1,2
"1598","kikucyu01",2021,"SEA",0,NA
"1599","kittran01",2021,"TBA",1,NA
"1600","lynnla01",2021,"CHA",1,NA
"1601","martijd02",2021,"BOS",1,NA
"1602","merriwh01",2021,"KCA",1,NA
"1603","olsonma02",2021,"OAK",1,NA
"1604","pressry01",2021,"HOU",0,NA
"1605","ramirjo01",2021,"CLE",1,1
"1606","rodonca01",2021,"CHA",0,NA
"1607","rogerta01",2021,"MIN",0,NA
"1608","sotogr01",2021,"DET",1,NA
"1609","troutmi01",2021,"LAA",0,NA
"1610","walshja01",2021,"LAA",1,NA
"1611","wendljo01",2021,"TBA",1,NA
"1612","zuninmi01",2021,"TBA",1,NA
"1613","scherma01",2021,"WAS",1,1
"1614","realmjt01",2021,"PHI",1,1
"1615","freemfr01",2021,"ATL",1,2
"1616","fraziad01",2021,"PIT",1,NA
"1617","arenano01",2021,"SLN",1,1
"1618","tatisfe02",2021,"SDN",1,2
"1619","winkeje01",2021,"CIN",1,NA
"1620","reynobr01",2021,"PIT",1,1
"1621","casteni01",2021,"CIN",1,1
"1622","muncyma01",2021,"LAN",1,NA
"1623","acunaro01",2021,"ATL",0,NA
"1624","albieoz01",2021,"ATL",1,2
"1625","bettsmo01",2021,"LAN",0,NA
"1626","bryankr01",2021,"CHN",1,NA
"1627","buehlwa01",2021,"LAN",0,NA
"1628","burneco01",2021,"MIL",1,1
"1629","crawfbr01",2021,"SFN",1,1
"1630","croneja01",2021,"SDN",1,NA
"1631","darviyu01",2021,"SDN",0,NA
"1632","degroja01",2021,"NYN",0,NA
"1633","escobed01",2021,"ARI",1,NA
"1634","gausmke01",2021,"SFN",0,NA
"1635","haderjo01",2021,"MIL",0,2
"1636","kimbrcr01",2021,"CHN",1,NA
"1637","machama01",2021,"SDN",1,1
"1638","marquge01",2021,"COL",1,NA
"1639","melanma01",2021,"SDN",1,NA
"1640","molinya01",2021,"SLN",0,NA
"1641","narvaom01",2021,"MIL",1,NA
"1642","peralfr01",2021,"MIL",1,NA
"1643","poseybu01",2021,"SFN",0,1
"1644","reyesal02",2021,"SLN",0,NA
"1645","rogertr01",2021,"MIA",1,NA
"1646","schwaky01",2021,"WAS",0,NA
"1647","sotoju01",2021,"WAS",1,2
"1648","tayloch03",2021,"LAN",1,NA
"1649","turneju01",2021,"LAN",1,NA
"1650","turnetr01",2021,"WAS",1,NA
"1651","walketa01",2021,"NYN",1,NA
"1652","wheelza01",2021,"PHI",0,NA
"1653","woodrbr01",2021,"MIL",0,NA
"1654","mcclash01",2022,"TBA",1,NA
"1655","kirkal01",2022,"TOR",1,NA
"1656","guerrvl02",2022,"TOR",1,NA
"1657","gimenan01",2022,"CLE",1,NA
"1658","deverra01",2022,"BOS",1,NA
"1659","anderti01",2022,"CHA",1,NA
"1660","stantmi03",2022,"NYA",1,NA
"1661","buxtoby01",2022,"MIN",1,NA
"1662","judgeaa01",2022,"NYA",1,NA
"1663","ohtansh01",2022,"LAA",1,NA
"1664","arraelu01",2022,"MIN",1,NA
"1665","beninan01",2022,"KCA",1,NA
"1666","blackpa01",2022,"OAK",1,NA
"1667","bogaexa01",2022,"BOS",1,NA
"1668","cabremi01",2022,"DET",1,NA
"1669","claseem01",2022,"CLE",1,NA
"1670","cortene01",2022,"NYA",1,NA
"1671","espinsa01",2022,"TOR",1,NA
"1672","francty01",2022,"SEA",1,NA
"1673","hendrli01",2022,"CHA",1,NA
"1674","holmecl01",2022,"NYA",1,NA
"1675","lopezjo02",2022,"BAL",1,NA
"1676","manoaal01",2022,"TOR",1,NA
"1677","martijd02",2022,"BOS",1,NA
"1678","perezma02",2022,"TEX",1,NA
"1679","ramirjo01",2022,"CLE",1,NA
"1680","rodriju01",2022,"SEA",1,NA
"1681","seageco01",2022,"TEX",1,NA
"1682","sotogr01",2022,"DET",1,NA
"1683","trevijo01",2022,"NYA",1,NA
"1684","tuckeky01",2022,"HOU",1,NA
"1685","valdefr01",2022,"HOU",1,NA
"1686","kershcl01",2022,"LAN",1,NA
"1687","contrwi01",2022,"CHN",1,NA
"1688","goldspa01",2022,"SLN",1,NA
"1689","mcneije01",2022,"NYN",1,NA
"1690","machama01",2022,"SDN",1,NA
"1691","turnetr01",2022,"LAN",1,NA
"1692","pederjo01",2022,"SFN",1,NA
"1693","bettsmo01",2022,"LAN",1,NA
"1694","acunaro01",2022,"ATL",1,NA
"1695","contrwi02",2022,"CHN",1,NA
"1696","alcansa01",2022,"MIA",1,NA
"1697","alonspe01",2022,"NYN",1,NA
"1698","bednada01",2022,"PIT",1,NA
"1699","castilu02",2022,"CIN",1,NA
"1700","coopega03",2022,"MIA",1,NA
"1701","croncj01",2022,"COL",1,NA
"1702","croneja01",2022,"SDN",1,NA
"1703","darnatr01",2022,"ATL",1,NA
"1704","freemfr01",2022,"LAN",1,NA
"1705","gonsoto01",2022,"LAN",1,NA
"1706","happia01",2022,"CHN",1,NA
"1707","helslry01",2022,"SLN",1,NA
"1708","mantijo01",2022,"ARI",1,NA
"1709","musgrjo01",2022,"SDN",1,NA
"1710","pujolal01",2022,"SLN",1,NA
"1711","rileyau01",2022,"ATL",1,NA
"1712","schwaky01",2022,"PHI",1,NA
"1713","sotoju01",2022,"WAS",1,NA
"1714","swansda01",2022,"ATL",1,NA
"1715","willide03",2022,"MIL",1,NA
"1716","abreujo02",2020,NA,NA,4
"1717","acunaro01",2018,NA,NA,2
"1718","acunaro01",2020,NA,NA,2
"1719","ahmedni01",2018,NA,NA,1
"1720","ahmedni01",2019,NA,NA,1
"1721","albieoz01",2019,NA,NA,1
"1722","alfonan01",2000,NA,NA,2
"1723","alfoned01",1999,NA,NA,2
"1724","altuvjo01",2019,NA,NA,1
"1725","alvaryo01",2019,NA,NA,1
"1726","alvaryo01",2021,NA,NA,1
"1727","anderti01",2020,NA,NA,2
"1728","arenano01",2013,NA,NA,1
"1729","arenano01",2014,NA,NA,1
"1730","arenano01",2020,NA,NA,1
"1731","arozara01",2020,NA,NA,1
"1732","arozara01",2021,NA,NA,1
"1733","arrieja01",2015,NA,NA,1
"1734","arroybr01",2010,NA,NA,1
"1735","ausmubr01",2001,NA,NA,1
"1736","ausmubr01",2002,NA,NA,1
"1737","ausmubr01",2006,NA,NA,1
"1738","axforjo01",2011,NA,NA,1
"1739","aybarer01",2011,NA,NA,1
"1740","baderha01",2021,NA,NA,1
"1741","baezja01",2016,NA,NA,1
"1742","baezja01",2020,NA,NA,1
"1743","barneda01",2012,NA,NA,1
"1744","barnhtu01",2017,NA,NA,1
"1745","barnhtu01",2020,NA,NA,1
"1746","barremi01",2005,NA,NA,1
"1747","bauertr01",2020,NA,NA,1
"1748","bayja01",2004,NA,NA,1
"1749","beckejo02",2003,NA,NA,2
"1750","belleal01",1998,NA,NA,2
"1751","bellico01",2018,NA,NA,1
"1752","beltrad01",2004,NA,NA,1
"1753","beltrad01",2007,NA,NA,1
"1754","beltrad01",2008,NA,NA,1
"1755","beltrad01",2016,NA,NA,1
"1756","beltrca01",1999,NA,NA,1
"1757","beltrca01",2008,NA,NA,1
"1758","beninan01",2021,NA,NA,1
"1759","benitar01",2001,NA,NA,2
"1760","berroan01",2003,NA,NA,1
"1761","bettsmo01",2020,NA,NA,3
"1762","biebesh01",2020,NA,NA,2
"1763","biggicr01",2001,NA,NA,1
"1764","biggicr01",2005,NA,NA,1
"1765","biggicr01",2007,NA,NA,1
"1766","blackch02",2016,NA,NA,1
"1767","bogaexa01",2015,NA,NA,1
"1768","boonebr01",2002,NA,NA,1
"1769","boonebr01",2004,NA,NA,1
"1770","borowjo01",2007,NA,NA,2
"1771","bournmi01",2009,NA,NA,1
"1772","bradlja02",2018,NA,NA,2
"1773","braunry01",2012,NA,NA,1
"1774","braunry02",2007,NA,NA,1
"1775","braunry02",2011,NA,NA,2
"1776","brosisc01",1999,NA,NA,1
"1777","bruceja01",2013,NA,NA,1
"1778","buehrma01",2010,NA,NA,1
"1779","buehrma01",2011,NA,NA,1
"1780","buehrma01",2012,NA,NA,1
"1781","butlebi03",2011,NA,NA,1
"1782","buxtoby01",2017,NA,NA,1
"1783","cabreor01",2001,NA,NA,1
"1784","cabreor01",2007,NA,NA,1
"1785","cainlo01",2014,NA,NA,1
"1786","cainlo01",2019,NA,NA,1
"1787","calhoko01",2015,NA,NA,1
"1788","camermi01",2003,NA,NA,1
"1789","camermi01",2006,NA,NA,1
"1790","cannigr01",2020,NA,NA,1
"1791","cansejo01",1998,NA,NA,2
"1792","carpech02",2009,NA,NA,1
"1793","carraca01",2019,NA,NA,2
"1794","castilu01",2004,NA,NA,1
"1795","cespeyo01",2015,NA,NA,1
"1796","chapmma01",2018,NA,NA,1
"1797","chapmma01",2021,NA,NA,1
"1798","chaveer01",2001,NA,NA,1
"1799","chaveer01",2002,NA,NA,3
"1800","chaveer01",2003,NA,NA,1
"1801","chaveer01",2004,NA,NA,1
"1802","chaveer01",2005,NA,NA,1
"1803","chaveer01",2006,NA,NA,1
"1804","coghlch01",2009,NA,NA,1
"1805","coneda01",1998,NA,NA,1
"1806","correca01",2015,NA,NA,1
"1807","counscr01",2001,NA,NA,1
"1808","crawfbr01",2016,NA,NA,1
"1809","crawfbr01",2017,NA,NA,1
"1810","crawfjp01",2020,NA,NA,1
"1811","credejo01",2006,NA,NA,2
"1812","crosbbo01",2004,NA,NA,1
"1813","cruzjo02",2003,NA,NA,1
"1814","cruzne02",2011,NA,NA,1
"1815","cruzne02",2019,NA,NA,3
"1816","cruzne02",2020,NA,NA,2
"1817","darnatr01",2020,NA,NA,1
"1818","daviskh01",2018,NA,NA,1
"1819","degroja01",2014,NA,NA,1
"1820","degroja01",2020,NA,NA,1
"1821","delgaca01",1999,NA,NA,1
"1822","delgaca01",2006,NA,NA,1
"1823","desmoia01",2013,NA,NA,1
"1824","desmoia01",2014,NA,NA,1
"1825","dickeco01",2018,NA,NA,1
"1826","dickera01",2013,NA,NA,1
"1827","donaljo02",2019,NA,NA,1
"1828","doziebr01",2017,NA,NA,1
"1829","drewjd01",2004,NA,NA,1
"1830","duvalad01",2021,NA,NA,1
"1831","dyeje01",2005,NA,NA,2
"1832","edmanto01",2021,NA,NA,1
"1833","edmonji01",1998,NA,NA,1
"1834","edmonji01",2001,NA,NA,1
"1835","edmonji01",2002,NA,NA,1
"1836","edmonji01",2004,NA,NA,3
"1837","erstada01",2002,NA,NA,1
"1838","erstada01",2004,NA,NA,1
"1839","ethiean01",2009,NA,NA,1
"1840","finlest01",1999,NA,NA,1
"1841","finlest01",2004,NA,NA,1
"1842","foulkke01",2004,NA,NA,1
"1843","francje02",2007,NA,NA,1
"1844","francjo01",2001,NA,NA,1
"1845","freemfr01",2016,NA,NA,1
"1846","freemfr01",2020,NA,NA,4
"1847","freesda01",2011,NA,NA,3
"1848","friedma01",2020,NA,NA,1
"1849","friedma01",2021,NA,NA,2
"1850","fulmemi01",2016,NA,NA,1
"1851","furcara01",2000,NA,NA,1
"1852","gallojo01",2020,NA,NA,1
"1853","gardnbr01",2016,NA,NA,1
"1854","garvemi01",2019,NA,NA,1
"1855","garzama01",2008,NA,NA,1
"1856","giambja01",2005,NA,NA,1
"1857","glaustr01",2002,NA,NA,2
"1858","goldspa01",2021,NA,NA,1
"1859","gomesya01",2014,NA,NA,1
"1860","gonzaad01",2014,NA,NA,2
"1861","gonzaca01",2010,NA,NA,2
"1862","gonzaca01",2015,NA,NA,1
"1863","gordoal01",2011,NA,NA,1
"1864","gordoal01",2012,NA,NA,1
"1865","gordoal01",2017,NA,NA,1
"1866","gordoal01",2018,NA,NA,1
"1867","gordoal01",2019,NA,NA,1
"1868","gordoal01",2020,NA,NA,1
"1869","gourryu01",2021,NA,NA,1
"1870","grandcu01",2016,NA,NA,1
"1871","graveda01",2002,NA,NA,1
"1872","greinza01",2013,NA,NA,1
"1873","greinza01",2016,NA,NA,1
"1874","greinza01",2018,NA,NA,1
"1875","greinza01",2019,NA,NA,2
"1876","griffke02",2005,NA,NA,2
"1877","grishtr01",2020,NA,NA,1
"1878","grudzma01",2006,NA,NA,1
"1879","gutiefr01",2010,NA,NA,1
"1880","hamelco01",2008,NA,NA,3
"1881","hamptmi01",2000,NA,NA,2
"1882","hamptmi01",2002,NA,NA,1
"1883","hamptmi01",2003,NA,NA,2
"1884","hardyjj01",2012,NA,NA,1
"1885","hardyjj01",2014,NA,NA,1
"1886","harpebr03",2021,NA,NA,4
"1887","harvema01",2015,NA,NA,1
"1888","headlch01",2012,NA,NA,2
"1889","hellije01",2011,NA,NA,1
"1890","hellije01",2012,NA,NA,1
"1891","hemonro99",2003,NA,NA,1
"1892","hendrli01",2020,NA,NA,2
"1893","hernace02",2020,NA,NA,1
"1894","hernafe02",2010,NA,NA,2
"1895","hernaor01",1999,NA,NA,1
"1896","hernate01",2020,NA,NA,2
"1897","heywaja01",2012,NA,NA,1
"1898","heywaja01",2014,NA,NA,1
"1899","heywaja01",2015,NA,NA,1
"1900","heywaja01",2016,NA,NA,1
"1901","heywaja01",2017,NA,NA,1
"1902","hillaa01",2012,NA,NA,1
"1903","hinsker01",2002,NA,NA,1
"1904","hitchst01",1998,NA,NA,1
"1905","hoffmtr01",2004,NA,NA,1
"1906","hoffmtr01",2008,NA,NA,1
"1907","hosmeer01",2013,NA,NA,1
"1908","hosmeer01",2014,NA,NA,1
"1909","hosmeer01",2015,NA,NA,1
"1910","hosmeer01",2017,NA,NA,3
"1911","howarry01",2005,NA,NA,1
"1912","hudsoda01",2011,NA,NA,1
"1913","hudsoor01",2005,NA,NA,1
"1914","hudsoor01",2006,NA,NA,1
"1915","huffau01",2008,NA,NA,1
"1916","hunteto01",2001,NA,NA,1
"1917","hunteto01",2003,NA,NA,1
"1918","hunteto01",2004,NA,NA,1
"1919","hunteto01",2005,NA,NA,1
"1920","hunteto01",2006,NA,NA,1
"1921","hunteto01",2008,NA,NA,1
"1922","inciaen01",2016,NA,NA,1
"1923","inciaen01",2018,NA,NA,1
"1924","indiajo01",2021,NA,NA,1
"1925","izturce01",2004,NA,NA,1
"1926","jennija01",2002,NA,NA,1
"1927","jeterde01",2005,NA,NA,1
"1928","jimenel02",2020,NA,NA,1
"1929","johnsch04",1998,NA,NA,1
"1930","johnsji04",2006,NA,NA,1
"1931","jonesan01",1998,NA,NA,1
"1932","jonesan01",1999,NA,NA,1
"1933","jonesan01",2001,NA,NA,1
"1934","jonesan01",2004,NA,NA,1
"1935","jonesan01",2007,NA,NA,1
"1936","jonesch06",1999,NA,NA,3
"1937","justida01",2000,NA,NA,1
"1938","kempma01",2009,NA,NA,2
"1939","kendrho01",2019,NA,NA,1
"1940","kennead01",2002,NA,NA,1
"1941","kentje01",2002,NA,NA,2
"1942","keuchda01",2014,NA,NA,1
"1943","keuchda01",2016,NA,NA,1
"1944","keuchda01",2018,NA,NA,1
"1945","keuchda01",2021,NA,NA,1
"1946","kiermke01",2015,NA,NA,1
"1947","kiermke01",2016,NA,NA,1
"1948","kiermke01",2019,NA,NA,1
"1949","kineris01",2020,NA,NA,1
"1950","kinslia01",2016,NA,NA,1
"1951","kinslia01",2018,NA,NA,1
"1952","klubeco01",2014,NA,NA,1
"1953","kochbi01",2002,NA,NA,2
"1954","konerpa01",2004,NA,NA,1
"1955","konerpa01",2014,NA,NA,1
"1956","lagarju01",2014,NA,NA,1
"1957","larkiba01",1998,NA,NA,2
"1958","larocad01",2012,NA,NA,2
"1959","lasorto01",2006,NA,NA,1
"1960","leakemi01",2019,NA,NA,1
"1961","leede02",2003,NA,NA,1
"1962","leiteal01",1999,NA,NA,1
"1963","lemahdj01",2014,NA,NA,1
"1964","lemahdj01",2018,NA,NA,1
"1965","lemahdj01",2020,NA,NA,2
"1966","lestejo01",2008,NA,NA,1
"1967","lewisky01",2020,NA,NA,1
"1968","lindad01",2009,NA,NA,1
"1969","liriafr01",2010,NA,NA,1
"1970","liriafr01",2013,NA,NA,1
"1971","longoev01",2017,NA,NA,1
"1972","lowelmi01",2005,NA,NA,1
"1973","machama01",2020,NA,NA,2
"1974","maddugr01",1999,NA,NA,1
"1975","maddugr01",2001,NA,NA,1
"1976","maddugr01",2002,NA,NA,1
"1977","maddugr01",2004,NA,NA,1
"1978","maddugr01",2005,NA,NA,1
"1979","maddugr01",2006,NA,NA,1
"1980","maddugr01",2007,NA,NA,1
"1981","maddugr01",2008,NA,NA,1
"1982","maldoma01",2017,NA,NA,1
"1983","markani01",2011,NA,NA,1
"1984","markani01",2014,NA,NA,1
"1985","marquge01",2018,NA,NA,1
"1986","marquja01",2005,NA,NA,1
"1987","martest01",2015,NA,NA,1
"1988","martied01",2004,NA,NA,1
"1989","mathemi01",2000,NA,NA,1
"1990","mathemi01",2003,NA,NA,1
"1991","mathemi01",2004,NA,NA,1
"1992","mathemi01",2005,NA,NA,1
"1993","matsuhi01",2009,NA,NA,1
"1994","mccanbr01",2015,NA,NA,1
"1995","mcgehca01",2014,NA,NA,1
"1996","mientdo01",2001,NA,NA,1
"1997","millean01",2015,NA,NA,1
"1998","molinbe01",2002,NA,NA,1
"1999","molinbe01",2003,NA,NA,1
"2000","molinya01",2008,NA,NA,1
"2001","molitpa01",1998,NA,NA,1
"2002","moralke01",2015,NA,NA,1
"2003","morame01",2004,NA,NA,2
"2004","morelmi01",2016,NA,NA,1
"2005","morneju01",2006,NA,NA,3
"2006","moyerja01",1999,NA,NA,1
"2007","moyerja01",2004,NA,NA,1
"2008","muellbi02",2003,NA,NA,2
"2009","muldema01",2001,NA,NA,1
"2010","murphda08",2015,NA,NA,1
"2011","murphse01",2021,NA,NA,1
"2012","mussimi01",1998,NA,NA,1
"2013","mussimi01",2001,NA,NA,1
"2014","mussimi01",2003,NA,NA,1
"2015","mussimi01",2008,NA,NA,1
"2016","myerswi01",2013,NA,NA,1
"2017","nenro01",2001,NA,NA,1
"2018","ohtansh01",2018,NA,NA,1
"2019","olerujo01",2000,NA,NA,1
"2020","olerujo01",2002,NA,NA,1
"2021","olerujo01",2003,NA,NA,1
"2022","olsonma02",2018,NA,NA,2
"2023","olsonma02",2019,NA,NA,2
"2024","oneilty01",2020,NA,NA,1
"2025","oneilty01",2021,NA,NA,1
"2026","ordonma01",2002,NA,NA,1
"2027","ordonre01",1998,NA,NA,1
"2028","ordonre01",1999,NA,NA,1
"2029","owingmi01",2007,NA,NA,1
"2030","ozunama01",2020,NA,NA,3
"2031","palmede01",1999,NA,NA,2
"2032","panikjo01",2016,NA,NA,1
"2033","parrage01",2011,NA,NA,1
"2034","parrage01",2013,NA,NA,1
"2035","pearcst01",2018,NA,NA,1
"2036","pedrodu01",2007,NA,NA,1
"2037","pedrodu01",2011,NA,NA,1
"2038","pedrodu01",2014,NA,NA,1
"2039","penaca01",2007,NA,NA,3
"2040","penaca01",2008,NA,NA,1
"2041","peralda01",2018,NA,NA,1
"2042","peralda01",2019,NA,NA,1
"2043","perezed02",1999,NA,NA,1
"2044","perezne01",2000,NA,NA,1
"2045","perezro02",2019,NA,NA,1
"2046","perezro02",2020,NA,NA,1
"2047","perezsa02",2020,NA,NA,2
"2048","pettian01",2003,NA,NA,1
"2049","phillbr01",2008,NA,NA,1
"2050","pierzaj01",2012,NA,NA,1
"2051","polanpl01",2006,NA,NA,1
"2052","polanpl01",2009,NA,NA,1
"2053","porceri01",2016,NA,NA,2
"2054","poseybu01",2010,NA,NA,1
"2055","poseybu01",2014,NA,NA,1
"2056","priceda01",2018,NA,NA,1
"2057","ramiral03",2010,NA,NA,1
"2058","ramirar01",2011,NA,NA,1
"2059","ramirha01",2006,NA,NA,1
"2060","ramirha01",2007,NA,NA,1
"2061","ramirjo01",2020,NA,NA,2
"2062","rayro02",2021,NA,NA,1
"2063","realmjt01",2020,NA,NA,1
"2064","reddijo01",2012,NA,NA,1
"2065","reesepo01",1999,NA,NA,1
"2066","reesepo01",2000,NA,NA,1
"2067","rendoan01",2014,NA,NA,1
"2068","rendoan01",2016,NA,NA,1
"2069","rendoan01",2017,NA,NA,1
"2070","renteed01",2002,NA,NA,3
"2071","renteed01",2010,NA,NA,1
"2072","rileyau01",2021,NA,NA,1
"2073","riverma01",2003,NA,NA,1
"2074","rizzoan01",2017,NA,NA,1
"2075","rizzoan01",2018,NA,NA,1
"2076","rizzoan01",2019,NA,NA,1
"2077","rizzoan01",2020,NA,NA,1
"2078","roberlu01",2020,NA,NA,1
"2079","rodrial01",1999,NA,NA,1
"2080","rodrial01",2009,NA,NA,1
"2081","rodrifr03",2006,NA,NA,2
"2082","rodriiv01",2003,NA,NA,1
"2083","rogerke01",2000,NA,NA,1
"2084","rogerke01",2002,NA,NA,1
"2085","rolensc01",1998,NA,NA,1
"2086","rolensc01",2000,NA,NA,1
"2087","rolensc01",2001,NA,NA,1
"2088","rolliji01",2007,NA,NA,3
"2089","rolliji01",2008,NA,NA,1
"2090","rolliji01",2009,NA,NA,1
"2091","rolliji01",2012,NA,NA,1
"2092","rolliji01",2014,NA,NA,1
"2093","rosared01",2021,NA,NA,1
"2094","rossco01",2010,NA,NA,1
"2095","sabatcc01",2009,NA,NA,1
"2096","salmoti01",2002,NA,NA,1
"2097","sanchca01",2019,NA,NA,1
"2098","santajo01",2004,NA,NA,3
"2099","sasakka01",2000,NA,NA,1
"2100","scutama01",2012,NA,NA,1
"2101","seageco01",2020,NA,NA,2
"2102","semiema01",2019,NA,NA,1
"2103","simmoan01",2013,NA,NA,1
"2104","simmoan01",2014,NA,NA,1
"2105","simmoan01",2017,NA,NA,1
"2106","simmoan01",2018,NA,NA,1
"2107","snowjt01",1998,NA,NA,1
"2108","snowjt01",1999,NA,NA,1
"2109","snowjt01",2000,NA,NA,1
"2110","solando01",2020,NA,NA,2
"2111","solerjo01",2021,NA,NA,1
"2112","sotoju01",2020,NA,NA,2
"2113","springe01",2020,NA,NA,1
"2114","stallja01",2021,NA,NA,1
"2115","stottto01",2000,NA,NA,2
"2116","strasst01",2019,NA,NA,1
"2117","streehu01",2005,NA,NA,1
"2118","stromma01",2017,NA,NA,1
"2119","suppaje01",2006,NA,NA,1
"2120","sweenmi01",2007,NA,NA,1
"2121","tatisfe02",2020,NA,NA,2
"2122","tayloch03",2017,NA,NA,1
"2123","taylomi02",2021,NA,NA,1
"2124","teahema01",2009,NA,NA,1
"2125","teixema01",2004,NA,NA,1
"2126","teixema01",2006,NA,NA,1
"2127","teixema01",2010,NA,NA,1
"2128","teixema01",2012,NA,NA,1
"2129","thomafr04",2000,NA,NA,1
"2130","thomafr04",2003,NA,NA,1
"2131","thomeji01",2001,NA,NA,1
"2132","thomeji01",2002,NA,NA,1
"2133","timlimi01",2007,NA,NA,1
"2134","troutmi01",2020,NA,NA,2
"2135","tuckeky01",2021,NA,NA,1
"2136","ueharko01",2013,NA,NA,1
"2137","ugglada01",2010,NA,NA,1
"2138","uptonju01",2014,NA,NA,1
"2139","urbinug01",1999,NA,NA,1
"2140","valenbo02",2002,NA,NA,1
"2141","vazquch01",2019,NA,NA,1
"2142","ventejo01",2018,NA,NA,1
"2143","venturo01",1998,NA,NA,1
"2144","venturo01",1999,NA,NA,1
"2145","verlaju01",2006,NA,NA,1
"2146","verlaju01",2017,NA,NA,1
"2147","victosh01",2008,NA,NA,2
"2148","victosh01",2010,NA,NA,1
"2149","victosh01",2013,NA,NA,1
"2150","vinafe01",2001,NA,NA,1
"2151","vinafe01",2002,NA,NA,1
"2152","vizquom01",2000,NA,NA,1
"2153","vizquom01",2001,NA,NA,1
"2154","vizquom01",2005,NA,NA,1
"2155","vizquom01",2006,NA,NA,1
"2156","wachami01",2013,NA,NA,1
"2157","wainwad01",2009,NA,NA,1
"2158","wainwad01",2017,NA,NA,1
"2159","wainwad01",2020,NA,NA,1
"2160","wakefti01",2010,NA,NA,1
"2161","walkela01",2002,NA,NA,1
"2162","walkene01",2014,NA,NA,1
"2163","wellsve01",2004,NA,NA,1
"2164","wellsve01",2005,NA,NA,1
"2165","whiteev01",2020,NA,NA,1
"2166","willibe02",2002,NA,NA,2
"2167","willide03",2020,NA,NA,3
"2168","willijo03",2012,NA,NA,1
"2169","wongko01",2019,NA,NA,1
"2170","wongko01",2020,NA,NA,1
"2171","woodke02",1998,NA,NA,1
"2172","yelicch01",2014,NA,NA,1
"2173","yelicch01",2016,NA,NA,2
"2174","youklke01",2007,NA,NA,1
"2175","youngch03",2014,NA,NA,1
"2176","youngde03",2012,NA,NA,1
"2177","zambrca01",2009,NA,NA,1
"2178","zimmery01",2010,NA,NA,1
"2179","zimmery01",2011,NA,NA,1
"2180","zitoba01",2012,NA,NA,1
